,title,date_created,keywords,media_type,description,nasa_id,links
0,NASA Administrator Bill Nelson | Answering Climate Change from Above,2024-09-30T00:00:00Z,"['NASA', 'NASA Administrator Bill Nelson', 'Climate Change']",video,NASA Administrator Bill Nelson speaks to the power of NASA’s climate-related data to help the world understand climate change and take action.   “The challenge of the climate crisis is here and now. Let’s answer it—from above.”    Most of what humanity knows about our changing planet comes from NASA’s more than two-dozen satellites and instruments—and from the agency’s observations for over 60 years.,NASA Administrator Bill Nelson - Answering Climate Change from Above,"[{'href': 'https://images-assets.nasa.gov/video/NASA Administrator Bill Nelson - Answering Climate Change from Above/NASA Administrator Bill Nelson - Answering Climate Change from Above~large.jpg', 'rel': 'alternate', 'render': 'image', 'width': 800, 'size': 36000, 'height': 450}, {'href': 'https://images-assets.nasa.gov/video/NASA Administrator Bill Nelson - Answering Climate Change from Above/NASA Administrator Bill Nelson - Answering Climate Change from Above~medium.jpg', 'rel': 'alternate', 'render': 'image', 'width': 400, 'size': 15000, 'height': 225}, {'href': 'https://images-assets.nasa.gov/video/NASA Administrator Bill Nelson - Answering Climate Change from Above/NASA Administrator Bill Nelson - Answering Climate Change from Above~small.jpg', 'rel': 'alternate', 'render': 'image', 'width': 200, 'size': 7000, 'height': 112}, {'href': 'https://images-assets.nasa.gov/video/NASA Administrator Bill Nelson - Answering Climate Change from Above/NASA Administrator Bill Nelson - Answering Climate Change from Above~thumb.jpg', 'rel': 'preview', 'render': 'image', 'width': 300, 'size': 11000, 'height': 168}, {'href': 'https://images-assets.nasa.gov/video/NASA Administrator Bill Nelson - Answering Climate Change from Above/NASA Administrator Bill Nelson - Answering Climate Change from Above.srt', 'rel': 'captions'}]"
1,Is Climate Change the Same as Global Warming? We Asked A NASA Expert ,2023-07-27T00:00:00Z,"['We Asked A NASA Expert', 'Climate Change', 'Global Warming', 'Earth', 'Greenhouse Gases']",video,"Is climate change the same as global warming? They’re not exactly the same, but they are related. The warming of Earth — or global warming — is just one factor that makes up a range of changes that are happening to our planet, which is climate change. NASA scientist Dr. Yolanda Shea explains more.",Is Climate Change the Same as Global Warming_ - Horizontal Video,"[{'href': 'https://images-assets.nasa.gov/video/Is Climate Change the Same as Global Warming_ - Horizontal Video/Is Climate Change the Same as Global Warming_ - Horizontal Video~large.jpg', 'rel': 'alternate', 'render': 'image', 'width': 800, 'size': 28000, 'height': 450}, {'href': 'https://images-assets.nasa.gov/video/Is Climate Change the Same as Global Warming_ - Horizontal Video/Is Climate Change the Same as Global Warming_ - Horizontal Video~medium.jpg', 'rel': 'alternate', 'render': 'image', 'width': 400, 'size': 11000, 'height': 225}, {'href': 'https://images-assets.nasa.gov/video/Is Climate Change the Same as Global Warming_ - Horizontal Video/Is Climate Change the Same as Global Warming_ - Horizontal Video~small.jpg', 'rel': 'alternate', 'render': 'image', 'width': 200, 'size': 4200, 'height': 112}, {'href': 'https://images-assets.nasa.gov/video/Is Climate Change the Same as Global Warming_ - Horizontal Video/Is Climate Change the Same as Global Warming_ - Horizontal Video~thumb.jpg', 'rel': 'preview', 'render': 'image', 'width': 300, 'size': 6500, 'height': 168}, {'href': 'https://images-assets.nasa.gov/video/Is Climate Change the Same as Global Warming_ - Horizontal Video/Is Climate Change the Same as Global Warming_ - Horizontal Video.srt', 'rel': 'captions'}]"
2,Ask A Climate Scientist - Climate Change and Humans,2013-12-03T00:00:00Z,"['Precipitation', 'Sea Level Rise', 'Climate Change', 'Food Supply', 'Earth']",video,"How does climate change affect humans? That's the question we asked Tom Wagner, Program Scientist for Cryospheric Research at NASA. In four different ways, he says, from rainfall patterns and sea levels rising to food production and ocean acidification. First, ""as the planet warms up, we're going to redistribute rainfall, which is going to affect our water resources and parts of North America may get a lot drier.""  Second, ""as the polar ice melts, sea levels are going to rise."" The world's major cities, and a lot of people, are right on the coasts and rising sea levels are going to impact them.  Third, thinking about food, the ""distributions where we can grow food are going to change as the planet warms up."" So the range over which you can grow corn and other crops will change.  Fourth, says Tom Wagner, ""the oceans are going to get more acidic as more CO2 dissolves in them."" There are untold ramifications from that, including the possibility of radically altering the food web in the ocean, ""which can affect everything from the composition of the atmosphere to the ability of the oceans to provide food for us.""",GSFC_20131203_AACS_m11426_Affect_Humans,"[{'href': 'https://images-assets.nasa.gov/video/GSFC_20131203_AACS_m11426_Affect_Humans/GSFC_20131203_AACS_m11426_Affect_Humans~large.jpg', 'rel': 'alternate', 'render': 'image', 'width': 800, 'size': 35000, 'height': 450}, {'href': 'https://images-assets.nasa.gov/video/GSFC_20131203_AACS_m11426_Affect_Humans/GSFC_20131203_AACS_m11426_Affect_Humans~medium.jpg', 'rel': 'alternate', 'render': 'image', 'width': 400, 'size': 15000, 'height': 225}, {'href': 'https://images-assets.nasa.gov/video/GSFC_20131203_AACS_m11426_Affect_Humans/GSFC_20131203_AACS_m11426_Affect_Humans~small.jpg', 'rel': 'alternate', 'render': 'image', 'width': 200, 'size': 6900, 'height': 112}, {'href': 'https://images-assets.nasa.gov/video/GSFC_20131203_AACS_m11426_Affect_Humans/GSFC_20131203_AACS_m11426_Affect_Humans~thumb.jpg', 'rel': 'preview', 'render': 'image', 'width': 300, 'size': 11000, 'height': 168}, {'href': 'https://images-assets.nasa.gov/video/GSFC_20131203_AACS_m11426_Affect_Humans/GSFC_20131203_AACS_m11426_Affect_Humans.vtt', 'rel': 'captions'}]"
3,NASA Scientists Help Citites Prepare for Climate Change,2016-11-16T00:00:00Z,"['Earth', 'Landsat', 'New York City', 'Earth Science', 'Climate Change', 'MODIS']",video,"Researchers and city officials from two of the world’s major metropolises, New York City and Rio de Janeiro, are coming together to share their insights and solutions against specific climate risks afflicting both their cities— sea level rise, increased temperatures and changes in water quality.",GSFC_20161116_Climate_m12426_Change,"[{'href': 'https://images-assets.nasa.gov/video/GSFC_20161116_Climate_m12426_Change/GSFC_20161116_Climate_m12426_Change~large.jpg', 'rel': 'alternate', 'render': 'image', 'width': 800, 'size': 43000, 'height': 450}, {'href': 'https://images-assets.nasa.gov/video/GSFC_20161116_Climate_m12426_Change/GSFC_20161116_Climate_m12426_Change~medium.jpg', 'rel': 'alternate', 'render': 'image', 'width': 400, 'size': 16000, 'height': 225}, {'href': 'https://images-assets.nasa.gov/video/GSFC_20161116_Climate_m12426_Change/GSFC_20161116_Climate_m12426_Change~small.jpg', 'rel': 'alternate', 'render': 'image', 'width': 200, 'size': 5800, 'height': 112}, {'href': 'https://images-assets.nasa.gov/video/GSFC_20161116_Climate_m12426_Change/GSFC_20161116_Climate_m12426_Change~thumb.jpg', 'rel': 'preview', 'render': 'image', 'width': 300, 'size': 12000, 'height': 168}, {'href': 'https://images-assets.nasa.gov/video/GSFC_20161116_Climate_m12426_Change/GSFC_20161116_Climate_m12426_Change.vtt', 'rel': 'captions'}]"
4,Ask A Climate Scientist - Food Production,2013-09-18T00:00:00Z,"['Climate Change', 'Food Supply', 'Earth']",video,"Will climate change drastically reduce our food production, or will it change what we produce? This question was posed to Goddard Space Flight Center's Molly Brown as part of NASA's Ask A Climate Scientist campaign.",GSFC_20130918_AACS_m11356_Food,"[{'href': 'https://images-assets.nasa.gov/video/GSFC_20130918_AACS_m11356_Food/GSFC_20130918_AACS_m11356_Food~large.jpg', 'rel': 'alternate', 'render': 'image', 'width': 800, 'size': 25000, 'height': 450}, {'href': 'https://images-assets.nasa.gov/video/GSFC_20130918_AACS_m11356_Food/GSFC_20130918_AACS_m11356_Food~medium.jpg', 'rel': 'alternate', 'render': 'image', 'width': 400, 'size': 12000, 'height': 225}, {'href': 'https://images-assets.nasa.gov/video/GSFC_20130918_AACS_m11356_Food/GSFC_20130918_AACS_m11356_Food~small.jpg', 'rel': 'alternate', 'render': 'image', 'width': 200, 'size': 5100, 'height': 112}, {'href': 'https://images-assets.nasa.gov/video/GSFC_20130918_AACS_m11356_Food/GSFC_20130918_AACS_m11356_Food~thumb.jpg', 'rel': 'preview', 'render': 'image', 'width': 300, 'size': 8100, 'height': 168}, {'href': 'https://images-assets.nasa.gov/video/GSFC_20130918_AACS_m11356_Food/GSFC_20130918_AACS_m11356_Food.vtt', 'rel': 'captions'}]"
5,Gary Jedlovec Climate Change Presentation to Green Team,2019-12-04T00:00:00Z,"['MSFC', 'Gary Jedlovec', 'Green Team', 'Climate Change']",image,"NASA climatologist Gary Jedlovec, a member of the Earth Science team in Marshall Space Flight Center’s Science and Technology Office, discusses the satellite technology and ground-based tools used to record and trend regional and global climate changes over the past century and to provide forecast models looking 100 years into the future. Jedlovec and his team, which partners with National Oceanic and Atmospheric Association researchers and their colleagues around the world, spoke to the Marshall “Green Team” -- environmental engineers and support personnel who help guide Marshall’s focus on safer, more cost-efficient energy use. The Green Team, led by Marshall Sustainability Engineer Donna Leach of the Environmental Engineering & Occupational Health Office, currently is preparing activities and outreach for Earth Day 2020, set for next April.",MSFC-201901694,"[{'href': 'https://images-assets.nasa.gov/image/MSFC-201901694/MSFC-201901694~medium.jpg', 'rel': 'alternate', 'render': 'image', 'width': 1280, 'size': 127000, 'height': 853}, {'href': 'https://images-assets.nasa.gov/image/MSFC-201901694/MSFC-201901694~small.jpg', 'rel': 'alternate', 'render': 'image', 'width': 640, 'size': 42000, 'height': 426}, {'href': 'https://images-assets.nasa.gov/image/MSFC-201901694/MSFC-201901694~thumb.jpg', 'rel': 'preview', 'render': 'image', 'width': 640, 'size': 42000, 'height': 426}, {'href': 'https://images-assets.nasa.gov/image/MSFC-201901694/MSFC-201901694~large.jpg', 'rel': 'alternate', 'render': 'image', 'width': 1920, 'size': 253000, 'height': 1280}, {'href': 'https://images-assets.nasa.gov/image/MSFC-201901694/MSFC-201901694~orig.tif', 'rel': 'canonical', 'render': 'image', 'height': 5504, 'width': 8256, 'size': 61000000}]"
6,MOC Observes Changes in the South Polar Cap: Evidence for Recent Climate Change on Mars,2001-12-11T23:09:44Z,"['Mars', 'Mars Global Surveyor MGS']",image,MOC Observes Changes in the South Polar Cap: Evidence for Recent Climate Change on Mars,PIA03179,"[{'href': 'https://images-assets.nasa.gov/image/PIA03179/PIA03179~thumb.jpg', 'rel': 'preview', 'render': 'image', 'width': 1048, 'size': 118000, 'height': 524}, {'href': 'https://images-assets.nasa.gov/image/PIA03179/PIA03179~orig.jpg', 'rel': 'canonical', 'render': 'image', 'height': 524, 'width': 1048, 'size': 120000}]"
7,NASA Early Career Research Program - Climate Change Research Ini,2024-08-07T00:00:00Z,"['Climate Change Research Initiative (CCRI)', 'DC', 'Mary W. Jackson NASA Headquarters', 'NASA Early Career Research Program (ECR)', 'Washington']",image,"Members of the Climate Change Research Initiative (CCRI) cohort discuss their research during a poster session, Wednesday, Aug. 7, 2024, at the Mary W. Jackson NASA Headquarters building in Washington, DC. The Earth Science Division’s Early Career Research Program’s Climate Change Research Initiative (CCRI) is a year-long STEM engagement and experiential learning opportunity for educators and students from high school to graduate level. Photo Credit: (NASA/Joel Kowsky)",NHQ202408070019,"[{'href': 'https://images-assets.nasa.gov/image/NHQ202408070019/NHQ202408070019~medium.jpg', 'rel': 'alternate', 'render': 'image', 'width': 1280, 'size': 183000, 'height': 853}, {'href': 'https://images-assets.nasa.gov/image/NHQ202408070019/NHQ202408070019~small.jpg', 'rel': 'alternate', 'render': 'image', 'width': 640, 'size': 61000, 'height': 426}, {'href': 'https://images-assets.nasa.gov/image/NHQ202408070019/NHQ202408070019~thumb.jpg', 'rel': 'preview', 'render': 'image', 'width': 640, 'size': 61000, 'height': 426}, {'href': 'https://images-assets.nasa.gov/image/NHQ202408070019/NHQ202408070019~large.jpg', 'rel': 'alternate', 'render': 'image', 'width': 1920, 'size': 374000, 'height': 1280}, {'href': 'https://images-assets.nasa.gov/image/NHQ202408070019/NHQ202408070019~orig.jpg', 'rel': 'canonical', 'render': 'image', 'height': 5504, 'width': 8256, 'size': 37748736}]"
8,NASA Early Career Research Program - Climate Change Research Ini,2024-08-07T00:00:00Z,"['Climate Change Research Initiative (CCRI)', 'DC', 'Mary W. Jackson NASA Headquarters', 'NASA Early Career Research Program (ECR)', 'Washington']",image,"Members of the Climate Change Research Initiative (CCRI) cohort discuss their research during a poster session, Wednesday, Aug. 7, 2024, at the Mary W. Jackson NASA Headquarters building in Washington, DC. The Earth Science Division’s Early Career Research Program’s Climate Change Research Initiative (CCRI) is a year-long STEM engagement and experiential learning opportunity for educators and students from high school to graduate level. Photo Credit: (NASA/Joel Kowsky)",NHQ202408070014,"[{'href': 'https://images-assets.nasa.gov/image/NHQ202408070014/NHQ202408070014~medium.jpg', 'rel': 'alternate', 'render': 'image', 'width': 1280, 'size': 220000, 'height': 1008}, {'href': 'https://images-assets.nasa.gov/image/NHQ202408070014/NHQ202408070014~small.jpg', 'rel': 'alternate', 'render': 'image', 'width': 640, 'size': 61000, 'height': 504}, {'href': 'https://images-assets.nasa.gov/image/NHQ202408070014/NHQ202408070014~thumb.jpg', 'rel': 'preview', 'render': 'image', 'width': 640, 'size': 61000, 'height': 504}, {'href': 'https://images-assets.nasa.gov/image/NHQ202408070014/NHQ202408070014~large.jpg', 'rel': 'alternate', 'render': 'image', 'width': 1920, 'size': 488000, 'height': 1512}, {'href': 'https://images-assets.nasa.gov/image/NHQ202408070014/NHQ202408070014~orig.jpg', 'rel': 'canonical', 'render': 'image', 'height': 4435, 'width': 5629, 'size': 23068672}]"
9,NASA Early Career Research Program - Climate Change Research Ini,2024-08-07T00:00:00Z,"['Climate Change Research Initiative (CCRI)', 'DC', 'Mary W. Jackson NASA Headquarters', 'NASA Early Career Research Program (ECR)', 'Washington']",image,"Members of the Climate Change Research Initiative (CCRI) cohort listen as Karen St. Germain, director of the Earth Science Division of NASA’s Science Mission Directorate speaks, Wednesday, Aug. 7, 2024, at the Mary W. Jackson NASA Headquarters building in Washington, DC. The Earth Science Division’s Early Career Research Program’s Climate Change Research Initiative (CCRI) is a year-long STEM engagement and experiential learning opportunity for educators and students from high school to graduate level. Photo Credit: (NASA/Joel Kowsky)",NHQ202408070007,"[{'href': 'https://images-assets.nasa.gov/image/NHQ202408070007/NHQ202408070007~medium.jpg', 'rel': 'alternate', 'render': 'image', 'width': 1280, 'size': 145000, 'height': 853}, {'href': 'https://images-assets.nasa.gov/image/NHQ202408070007/NHQ202408070007~small.jpg', 'rel': 'alternate', 'render': 'image', 'width': 640, 'size': 43000, 'height': 426}, {'href': 'https://images-assets.nasa.gov/image/NHQ202408070007/NHQ202408070007~thumb.jpg', 'rel': 'preview', 'render': 'image', 'width': 640, 'size': 43000, 'height': 426}, {'href': 'https://images-assets.nasa.gov/image/NHQ202408070007/NHQ202408070007~large.jpg', 'rel': 'alternate', 'render': 'image', 'width': 1920, 'size': 361000, 'height': 1280}, {'href': 'https://images-assets.nasa.gov/image/NHQ202408070007/NHQ202408070007~orig.jpg', 'rel': 'canonical', 'render': 'image', 'height': 5504, 'width': 8256, 'size': 48234496}]"
10,NASA Early Career Research Program - Climate Change Research Ini,2024-08-07T00:00:00Z,"['Climate Change Research Initiative (CCRI)', 'DC', 'Mary W. Jackson NASA Headquarters', 'NASA Early Career Research Program (ECR)', 'Washington']",image,"Members of the Climate Change Research Initiative (CCRI) cohort discuss their research during a poster session, Wednesday, Aug. 7, 2024, at the Mary W. Jackson NASA Headquarters building in Washington, DC. The Earth Science Division’s Early Career Research Program’s Climate Change Research Initiative (CCRI) is a year-long STEM engagement and experiential learning opportunity for educators and students from high school to graduate level. Photo Credit: (NASA/Joel Kowsky)",NHQ202408070018,"[{'href': 'https://images-assets.nasa.gov/image/NHQ202408070018/NHQ202408070018~medium.jpg', 'rel': 'alternate', 'render': 'image', 'width': 1280, 'size': 204000, 'height': 844}, {'href': 'https://images-assets.nasa.gov/image/NHQ202408070018/NHQ202408070018~small.jpg', 'rel': 'alternate', 'render': 'image', 'width': 640, 'size': 56000, 'height': 422}, {'href': 'https://images-assets.nasa.gov/image/NHQ202408070018/NHQ202408070018~thumb.jpg', 'rel': 'preview', 'render': 'image', 'width': 640, 'size': 56000, 'height': 422}, {'href': 'https://images-assets.nasa.gov/image/NHQ202408070018/NHQ202408070018~large.jpg', 'rel': 'alternate', 'render': 'image', 'width': 1920, 'size': 448000, 'height': 1266}, {'href': 'https://images-assets.nasa.gov/image/NHQ202408070018/NHQ202408070018~orig.jpg', 'rel': 'canonical', 'render': 'image', 'height': 5410, 'width': 8204, 'size': 36700160}]"
11,NASA Early Career Research Program - Climate Change Research Ini,2024-08-07T00:00:00Z,"['Climate Change Research Initiative (CCRI)', 'DC', 'Mary W. Jackson NASA Headquarters', 'NASA Early Career Research Program (ECR)', 'Washington']",image,"Members of the Climate Change Research Initiative (CCRI) cohort listen as Karen St. Germain, director of the Earth Science Division of NASA’s Science Mission Directorate speaks, Wednesday, Aug. 7, 2024, at the Mary W. Jackson NASA Headquarters building in Washington, DC. The Earth Science Division’s Early Career Research Program’s Climate Change Research Initiative (CCRI) is a year-long STEM engagement and experiential learning opportunity for educators and students from high school to graduate level. Photo Credit: (NASA/Joel Kowsky)",NHQ202408070008,"[{'href': 'https://images-assets.nasa.gov/image/NHQ202408070008/NHQ202408070008~medium.jpg', 'rel': 'alternate', 'render': 'image', 'width': 1280, 'size': 149000, 'height': 853}, {'href': 'https://images-assets.nasa.gov/image/NHQ202408070008/NHQ202408070008~small.jpg', 'rel': 'alternate', 'render': 'image', 'width': 640, 'size': 45000, 'height': 426}, {'href': 'https://images-assets.nasa.gov/image/NHQ202408070008/NHQ202408070008~thumb.jpg', 'rel': 'preview', 'render': 'image', 'width': 640, 'size': 45000, 'height': 426}, {'href': 'https://images-assets.nasa.gov/image/NHQ202408070008/NHQ202408070008~large.jpg', 'rel': 'alternate', 'render': 'image', 'width': 1920, 'size': 356000, 'height': 1280}, {'href': 'https://images-assets.nasa.gov/image/NHQ202408070008/NHQ202408070008~orig.jpg', 'rel': 'canonical', 'render': 'image', 'height': 5504, 'width': 8256, 'size': 41943040}]"
12,NASA Early Career Research Program - Climate Change Research Ini,2024-08-07T00:00:00Z,"['Climate Change Research Initiative (CCRI)', 'DC', 'Mary W. Jackson NASA Headquarters', 'Matthew Pearce', 'NASA Early Career Research Program (ECR)', 'Washington']",image,"Matthew Pearce, education officer at NASA’s Goddard Institute for Space Studies and project lead for the Climate Change Research Initiative (CCRI), speaks with the CCRI cohort, Wednesday, Aug. 7, 2024, at the Mary W. Jackson NASA Headquarters building in Washington, DC. The Earth Science Division’s Early Career Research Program’s Climate Change Research Initiative (CCRI) is a year-long STEM engagement and experiential learning opportunity for educators and students from high school to graduate level. Photo Credit: (NASA/Joel Kowsky)",NHQ202408070013,"[{'href': 'https://images-assets.nasa.gov/image/NHQ202408070013/NHQ202408070013~medium.jpg', 'rel': 'alternate', 'render': 'image', 'width': 1280, 'size': 159000, 'height': 779}, {'href': 'https://images-assets.nasa.gov/image/NHQ202408070013/NHQ202408070013~small.jpg', 'rel': 'alternate', 'render': 'image', 'width': 640, 'size': 47000, 'height': 389}, {'href': 'https://images-assets.nasa.gov/image/NHQ202408070013/NHQ202408070013~thumb.jpg', 'rel': 'preview', 'render': 'image', 'width': 640, 'size': 47000, 'height': 389}, {'href': 'https://images-assets.nasa.gov/image/NHQ202408070013/NHQ202408070013~large.jpg', 'rel': 'alternate', 'render': 'image', 'width': 1920, 'size': 347000, 'height': 1168}, {'href': 'https://images-assets.nasa.gov/image/NHQ202408070013/NHQ202408070013~orig.jpg', 'rel': 'canonical', 'render': 'image', 'height': 4916, 'width': 8075, 'size': 34603008}]"
13,NASA Early Career Research Program - Climate Change Research Ini,2024-08-07T00:00:00Z,"['Climate Change Research Initiative (CCRI)', 'DC', 'Mary W. Jackson NASA Headquarters', 'Matthew Pearce', 'NASA Early Career Research Program (ECR)', 'Washington']",image,"Matthew Pearce, education officer at NASA’s Goddard Institute for Space Studies and project lead for the Climate Change Research Initiative (CCRI), speaks with the CCRI cohort, Wednesday, Aug. 7, 2024, at the Mary W. Jackson NASA Headquarters building in Washington, DC. The Earth Science Division’s Early Career Research Program’s Climate Change Research Initiative (CCRI) is a year-long STEM engagement and experiential learning opportunity for educators and students from high school to graduate level. Photo Credit: (NASA/Joel Kowsky)",NHQ202408070012,"[{'href': 'https://images-assets.nasa.gov/image/NHQ202408070012/NHQ202408070012~medium.jpg', 'rel': 'alternate', 'render': 'image', 'width': 1280, 'size': 150000, 'height': 853}, {'href': 'https://images-assets.nasa.gov/image/NHQ202408070012/NHQ202408070012~small.jpg', 'rel': 'alternate', 'render': 'image', 'width': 640, 'size': 33000, 'height': 426}, {'href': 'https://images-assets.nasa.gov/image/NHQ202408070012/NHQ202408070012~thumb.jpg', 'rel': 'preview', 'render': 'image', 'width': 640, 'size': 33000, 'height': 426}, {'href': 'https://images-assets.nasa.gov/image/NHQ202408070012/NHQ202408070012~large.jpg', 'rel': 'alternate', 'render': 'image', 'width': 1920, 'size': 418000, 'height': 1280}, {'href': 'https://images-assets.nasa.gov/image/NHQ202408070012/NHQ202408070012~orig.jpg', 'rel': 'canonical', 'render': 'image', 'height': 5504, 'width': 8256, 'size': 49283072}]"
14,NASA Early Career Research Program - Climate Change Research Ini,2024-08-07T00:00:00Z,"['Climate Change Research Initiative (CCRI)', 'DC', 'Mary W. Jackson NASA Headquarters', 'NASA Early Career Research Program (ECR)', 'Washington']",image,"Members of the Climate Change Research Initiative (CCRI) cohort discuss their research during a poster session, Wednesday, Aug. 7, 2024, at the Mary W. Jackson NASA Headquarters building in Washington, DC. The Earth Science Division’s Early Career Research Program’s Climate Change Research Initiative (CCRI) is a year-long STEM engagement and experiential learning opportunity for educators and students from high school to graduate level. Photo Credit: (NASA/Joel Kowsky)",NHQ202408070016,"[{'href': 'https://images-assets.nasa.gov/image/NHQ202408070016/NHQ202408070016~medium.jpg', 'rel': 'alternate', 'render': 'image', 'width': 1280, 'size': 119000, 'height': 765}, {'href': 'https://images-assets.nasa.gov/image/NHQ202408070016/NHQ202408070016~small.jpg', 'rel': 'alternate', 'render': 'image', 'width': 640, 'size': 40000, 'height': 382}, {'href': 'https://images-assets.nasa.gov/image/NHQ202408070016/NHQ202408070016~thumb.jpg', 'rel': 'preview', 'render': 'image', 'width': 640, 'size': 40000, 'height': 382}, {'href': 'https://images-assets.nasa.gov/image/NHQ202408070016/NHQ202408070016~large.jpg', 'rel': 'alternate', 'render': 'image', 'width': 1920, 'size': 249000, 'height': 1147}, {'href': 'https://images-assets.nasa.gov/image/NHQ202408070016/NHQ202408070016~orig.jpg', 'rel': 'canonical', 'render': 'image', 'height': 4594, 'width': 7686, 'size': 30408704}]"
15,NASA Early Career Research Program - Climate Change Research Ini,2024-08-07T00:00:00Z,"['Climate Change Research Initiative (CCRI)', 'DC', 'Jack Kaye', 'Mary W. Jackson NASA Headquarters', 'NASA Early Career Research Program (ECR)', 'Washington']",image,"Jack Kaye, associate director for research in the Earth Science Division of NASA’s Science Mission Directorate, speaks with the Climate Change Research Initiative (CCRI) cohort, Wednesday, Aug. 7, 2024, at the Mary W. Jackson NASA Headquarters building in Washington, DC. The Earth Science Division’s Early Career Research Program’s Climate Change Research Initiative (CCRI) is a year-long STEM engagement and experiential learning opportunity for educators and students from high school to graduate level. Photo Credit: (NASA/Joel Kowsky)",NHQ202408070010,"[{'href': 'https://images-assets.nasa.gov/image/NHQ202408070010/NHQ202408070010~medium.jpg', 'rel': 'alternate', 'render': 'image', 'width': 1280, 'size': 122000, 'height': 675}, {'href': 'https://images-assets.nasa.gov/image/NHQ202408070010/NHQ202408070010~small.jpg', 'rel': 'alternate', 'render': 'image', 'width': 640, 'size': 37000, 'height': 337}, {'href': 'https://images-assets.nasa.gov/image/NHQ202408070010/NHQ202408070010~thumb.jpg', 'rel': 'preview', 'render': 'image', 'width': 640, 'size': 37000, 'height': 337}, {'href': 'https://images-assets.nasa.gov/image/NHQ202408070010/NHQ202408070010~large.jpg', 'rel': 'alternate', 'render': 'image', 'width': 1920, 'size': 264000, 'height': 1013}, {'href': 'https://images-assets.nasa.gov/image/NHQ202408070010/NHQ202408070010~orig.jpg', 'rel': 'canonical', 'render': 'image', 'height': 4108, 'width': 7781, 'size': 27262976}]"
16,NASA Early Career Research Program - Climate Change Research Ini,2024-08-07T00:00:00Z,"['Climate Change Research Initiative (CCRI)', 'Cynthia Hall', 'DC', 'Mary W. Jackson NASA Headquarters', 'NASA Early Career Research Program (ECR)', 'Washington']",image,"Cynthia Hall, support scientist for the Early Career Research Program in NASA’s Earth Science Division, speaks to the Climate Change Research Initiative (CCRI) cohort, Wednesday, Aug. 7, 2024, at the Mary W. Jackson NASA Headquarters building in Washington, DC. The Earth Science Division’s Early Career Research Program’s Climate Change Research Initiative (CCRI) is a year-long STEM engagement and experiential learning opportunity for educators and students from high school to graduate level. Photo Credit: (NASA/Joel Kowsky)",NHQ202408070011,"[{'href': 'https://images-assets.nasa.gov/image/NHQ202408070011/NHQ202408070011~medium.jpg', 'rel': 'alternate', 'render': 'image', 'width': 898, 'size': 146000, 'height': 1280}, {'href': 'https://images-assets.nasa.gov/image/NHQ202408070011/NHQ202408070011~small.jpg', 'rel': 'alternate', 'render': 'image', 'width': 449, 'size': 45000, 'height': 640}, {'href': 'https://images-assets.nasa.gov/image/NHQ202408070011/NHQ202408070011~thumb.jpg', 'rel': 'preview', 'render': 'image', 'width': 449, 'size': 45000, 'height': 640}, {'href': 'https://images-assets.nasa.gov/image/NHQ202408070011/NHQ202408070011~large.jpg', 'rel': 'alternate', 'render': 'image', 'width': 1348, 'size': 344000, 'height': 1920}, {'href': 'https://images-assets.nasa.gov/image/NHQ202408070011/NHQ202408070011~orig.jpg', 'rel': 'canonical', 'render': 'image', 'height': 7733, 'width': 5430, 'size': 52428800}]"
17,NASA Early Career Research Program - Climate Change Research Ini,2024-08-07T00:00:00Z,"['Climate Change Research Initiative (CCRI)', 'DC', 'Mary W. Jackson NASA Headquarters', 'NASA Early Career Research Program (ECR)', 'Washington']",image,"Members of the Climate Change Research Initiative (CCRI) cohort discuss their research during a poster session, Wednesday, Aug. 7, 2024, at the Mary W. Jackson NASA Headquarters building in Washington, DC. The Earth Science Division’s Early Career Research Program’s Climate Change Research Initiative (CCRI) is a year-long STEM engagement and experiential learning opportunity for educators and students from high school to graduate level. Photo Credit: (NASA/Joel Kowsky)",NHQ202408070020,"[{'href': 'https://images-assets.nasa.gov/image/NHQ202408070020/NHQ202408070020~medium.jpg', 'rel': 'alternate', 'render': 'image', 'width': 1280, 'size': 146000, 'height': 913}, {'href': 'https://images-assets.nasa.gov/image/NHQ202408070020/NHQ202408070020~small.jpg', 'rel': 'alternate', 'render': 'image', 'width': 640, 'size': 43000, 'height': 456}, {'href': 'https://images-assets.nasa.gov/image/NHQ202408070020/NHQ202408070020~thumb.jpg', 'rel': 'preview', 'render': 'image', 'width': 640, 'size': 43000, 'height': 456}, {'href': 'https://images-assets.nasa.gov/image/NHQ202408070020/NHQ202408070020~large.jpg', 'rel': 'alternate', 'render': 'image', 'width': 1920, 'size': 353000, 'height': 1370}, {'href': 'https://images-assets.nasa.gov/image/NHQ202408070020/NHQ202408070020~orig.jpg', 'rel': 'canonical', 'render': 'image', 'height': 4341, 'width': 6080, 'size': 23068672}]"
18,NASA Early Career Research Program - Climate Change Research Ini,2024-08-07T00:00:00Z,"['Climate Change Research Initiative (CCRI)', 'DC', 'Kate Calvin', 'Mary W. Jackson NASA Headquarters', 'NASA Early Career Research Program (ECR)', 'Washington']",image,"Kate Calvin, NASA’s Chief Scientist, speaks to the Climate Change Research Initiative (CCRI) cohort, Wednesday, Aug. 7, 2024, at the Mary W. Jackson NASA Headquarters building in Washington, DC. The Earth Science Division’s Early Career Research Program’s Climate Change Research Initiative (CCRI) is a year-long STEM engagement and experiential learning opportunity for educators and students from high school to graduate level. Photo Credit: (NASA/Joel Kowsky)",NHQ202408070001,"[{'href': 'https://images-assets.nasa.gov/image/NHQ202408070001/NHQ202408070001~medium.jpg', 'rel': 'alternate', 'render': 'image', 'width': 1280, 'size': 123000, 'height': 853}, {'href': 'https://images-assets.nasa.gov/image/NHQ202408070001/NHQ202408070001~small.jpg', 'rel': 'alternate', 'render': 'image', 'width': 640, 'size': 32000, 'height': 426}, {'href': 'https://images-assets.nasa.gov/image/NHQ202408070001/NHQ202408070001~thumb.jpg', 'rel': 'preview', 'render': 'image', 'width': 640, 'size': 32000, 'height': 426}, {'href': 'https://images-assets.nasa.gov/image/NHQ202408070001/NHQ202408070001~large.jpg', 'rel': 'alternate', 'render': 'image', 'width': 1920, 'size': 317000, 'height': 1280}, {'href': 'https://images-assets.nasa.gov/image/NHQ202408070001/NHQ202408070001~orig.jpg', 'rel': 'canonical', 'render': 'image', 'height': 5504, 'width': 8256, 'size': 48234496}]"
19,NASA Early Career Research Program - Climate Change Research Ini,2024-08-07T00:00:00Z,"['Climate Change Research Initiative (CCRI)', 'DC', 'Jack Kaye', 'Mary W. Jackson NASA Headquarters', 'NASA Early Career Research Program (ECR)', 'Washington']",image,"Jack Kaye, associate director for research in the Earth Science Division of NASA’s Science Mission Directorate, speaks with the Climate Change Research Initiative (CCRI) cohort, Wednesday, Aug. 7, 2024, at the Mary W. Jackson NASA Headquarters building in Washington, DC. The Earth Science Division’s Early Career Research Program’s Climate Change Research Initiative (CCRI) is a year-long STEM engagement and experiential learning opportunity for educators and students from high school to graduate level. Photo Credit: (NASA/Joel Kowsky)",NHQ202408070009,"[{'href': 'https://images-assets.nasa.gov/image/NHQ202408070009/NHQ202408070009~medium.jpg', 'rel': 'alternate', 'render': 'image', 'width': 1280, 'size': 149000, 'height': 853}, {'href': 'https://images-assets.nasa.gov/image/NHQ202408070009/NHQ202408070009~small.jpg', 'rel': 'alternate', 'render': 'image', 'width': 640, 'size': 38000, 'height': 426}, {'href': 'https://images-assets.nasa.gov/image/NHQ202408070009/NHQ202408070009~thumb.jpg', 'rel': 'preview', 'render': 'image', 'width': 640, 'size': 38000, 'height': 426}, {'href': 'https://images-assets.nasa.gov/image/NHQ202408070009/NHQ202408070009~large.jpg', 'rel': 'alternate', 'render': 'image', 'width': 1920, 'size': 394000, 'height': 1280}, {'href': 'https://images-assets.nasa.gov/image/NHQ202408070009/NHQ202408070009~orig.jpg', 'rel': 'canonical', 'render': 'image', 'height': 5504, 'width': 8256, 'size': 52428800}]"
20,NASA Early Career Research Program - Climate Change Research Ini,2024-08-07T00:00:00Z,"['Climate Change Research Initiative (CCRI)', 'DC', 'Mary W. Jackson NASA Headquarters', 'NASA Early Career Research Program (ECR)', 'Washington']",image,"Members of the Climate Change Research Initiative (CCRI) cohort discuss their research during a poster session, Wednesday, Aug. 7, 2024, at the Mary W. Jackson NASA Headquarters building in Washington, DC. The Earth Science Division’s Early Career Research Program’s Climate Change Research Initiative (CCRI) is a year-long STEM engagement and experiential learning opportunity for educators and students from high school to graduate level. Photo Credit: (NASA/Joel Kowsky)",NHQ202408070017,"[{'href': 'https://images-assets.nasa.gov/image/NHQ202408070017/NHQ202408070017~medium.jpg', 'rel': 'alternate', 'render': 'image', 'width': 1280, 'size': 167000, 'height': 810}, {'href': 'https://images-assets.nasa.gov/image/NHQ202408070017/NHQ202408070017~small.jpg', 'rel': 'alternate', 'render': 'image', 'width': 640, 'size': 48000, 'height': 405}, {'href': 'https://images-assets.nasa.gov/image/NHQ202408070017/NHQ202408070017~thumb.jpg', 'rel': 'preview', 'render': 'image', 'width': 640, 'size': 48000, 'height': 405}, {'href': 'https://images-assets.nasa.gov/image/NHQ202408070017/NHQ202408070017~large.jpg', 'rel': 'alternate', 'render': 'image', 'width': 1920, 'size': 353000, 'height': 1216}, {'href': 'https://images-assets.nasa.gov/image/NHQ202408070017/NHQ202408070017~orig.jpg', 'rel': 'canonical', 'render': 'image', 'height': 4852, 'width': 7658, 'size': 31457280}]"
21,NASA Early Career Research Program - Climate Change Research Ini,2024-08-07T00:00:00Z,"['Climate Change Research Initiative (CCRI)', 'DC', 'Mary W. Jackson NASA Headquarters', 'NASA Early Career Research Program (ECR)', 'Washington']",image,"The Climate Change Research Initiative (CCRI) cohort poses for a group photo, Wednesday, Aug. 7, 2024, at the Mary W. Jackson NASA Headquarters building in Washington, DC. The Earth Science Division’s Early Career Research Program’s Climate Change Research Initiative (CCRI) is a year-long STEM engagement and experiential learning opportunity for educators and students from high school to graduate level. Photo Credit: (NASA/Joel Kowsky)",NHQ202408070015,"[{'href': 'https://images-assets.nasa.gov/image/NHQ202408070015/NHQ202408070015~medium.jpg', 'rel': 'alternate', 'render': 'image', 'width': 1280, 'size': 138000, 'height': 783}, {'href': 'https://images-assets.nasa.gov/image/NHQ202408070015/NHQ202408070015~small.jpg', 'rel': 'alternate', 'render': 'image', 'width': 640, 'size': 42000, 'height': 391}, {'href': 'https://images-assets.nasa.gov/image/NHQ202408070015/NHQ202408070015~thumb.jpg', 'rel': 'preview', 'render': 'image', 'width': 640, 'size': 42000, 'height': 391}, {'href': 'https://images-assets.nasa.gov/image/NHQ202408070015/NHQ202408070015~large.jpg', 'rel': 'alternate', 'render': 'image', 'width': 1920, 'size': 297000, 'height': 1174}, {'href': 'https://images-assets.nasa.gov/image/NHQ202408070015/NHQ202408070015~orig.jpg', 'rel': 'canonical', 'render': 'image', 'height': 4660, 'width': 7617, 'size': 27262976}]"
22,NASA Early Career Research Program - Climate Change Research Ini,2024-08-07T00:00:00Z,"['Climate Change Research Initiative (CCRI)', 'DC', 'Kate Calvin', 'Mary W. Jackson NASA Headquarters', 'NASA Early Career Research Program (ECR)', 'Washington']",image,"Kate Calvin, NASA’s Chief Scientist, speaks to the Climate Change Research Initiative (CCRI) cohort, Wednesday, Aug. 7, 2024, at the Mary W. Jackson NASA Headquarters building in Washington, DC. The Earth Science Division’s Early Career Research Program’s Climate Change Research Initiative (CCRI) is a year-long STEM engagement and experiential learning opportunity for educators and students from high school to graduate level. Photo Credit: (NASA/Joel Kowsky)",NHQ202408070005,"[{'href': 'https://images-assets.nasa.gov/image/NHQ202408070005/NHQ202408070005~medium.jpg', 'rel': 'alternate', 'render': 'image', 'width': 1280, 'size': 172000, 'height': 877}, {'href': 'https://images-assets.nasa.gov/image/NHQ202408070005/NHQ202408070005~small.jpg', 'rel': 'alternate', 'render': 'image', 'width': 640, 'size': 55000, 'height': 438}, {'href': 'https://images-assets.nasa.gov/image/NHQ202408070005/NHQ202408070005~thumb.jpg', 'rel': 'preview', 'render': 'image', 'width': 640, 'size': 55000, 'height': 438}, {'href': 'https://images-assets.nasa.gov/image/NHQ202408070005/NHQ202408070005~large.jpg', 'rel': 'alternate', 'render': 'image', 'width': 1920, 'size': 359000, 'height': 1316}, {'href': 'https://images-assets.nasa.gov/image/NHQ202408070005/NHQ202408070005~orig.jpg', 'rel': 'canonical', 'render': 'image', 'height': 5296, 'width': 7725, 'size': 34603008}]"
23,IPCC Projections of Temperature and Precipitation in the 21st Century,2013-09-27T00:00:00Z,"['Global Warming', 'Temperature Trend', 'Precipitation', 'Climate Change', 'Climate Patterns', 'Earth']",video,"New data visualizations from the NASA Center for Climate Simulation and NASA's Scientific Visualization Studio show how climate models – those used in the new report from the United Nations' Intergovernmental Panel on Climate Change (IPCC) – estimate how temperature and precipitation patterns could change throughout the 21st century. For the IPCC's Physical Science Basis and Summary for Policymakers reports, scientists referenced an international climate modeling effort to study how the Earth might respond to four different scenarios of how much carbon dioxide and other greenhouse gases would be emitted into the atmosphere throughout the 21st century. The Summary for Policymakers, the first official piece of the group's Fifth Assessment Report, was released Fri., Sept. 27.  That modeling effort, called the Coupled Model Intercomparison Project Phase 5 (CMIP5), includes dozens of climate models from institutions around the world, including from NASA's Goddard Institute for Space Studies.  To produce visualizations that show temperature and precipitation changes similar to those included in the IPCC report, the NASA Center for Climate Simulation calculated mean model results for each of the four emissions scenarios. The final products are visual representations how much temperature and precipitation patterns would change through 2100 compared to the historical average from the end of the 20th century. The changes shown compare the model projections to the average temperature and precipitation benchmarks observed from 1971-2000. This baseline is different from the IPCC report, which uses a 1986-2005 baseline. Because the reference period from 1986-2005 was slightly warmer than 1971-2000, the visualizations are slightly different than those in the report, even though the same model data is used.",GSFC_20130927_IPCC m11376_21st,"[{'href': 'https://images-assets.nasa.gov/video/GSFC_20130927_IPCC m11376_21st/GSFC_20130927_IPCC m11376_21st~large.jpg', 'rel': 'alternate', 'render': 'image', 'width': 800, 'size': 28000, 'height': 450}, {'href': 'https://images-assets.nasa.gov/video/GSFC_20130927_IPCC m11376_21st/GSFC_20130927_IPCC m11376_21st~medium.jpg', 'rel': 'alternate', 'render': 'image', 'width': 400, 'size': 9700, 'height': 225}, {'href': 'https://images-assets.nasa.gov/video/GSFC_20130927_IPCC m11376_21st/GSFC_20130927_IPCC m11376_21st~small.jpg', 'rel': 'alternate', 'render': 'image', 'width': 200, 'size': 3700, 'height': 112}, {'href': 'https://images-assets.nasa.gov/video/GSFC_20130927_IPCC m11376_21st/GSFC_20130927_IPCC m11376_21st~thumb.jpg', 'rel': 'preview', 'render': 'image', 'width': 300, 'size': 5800, 'height': 168}, {'href': 'https://images-assets.nasa.gov/video/GSFC_20130927_IPCC m11376_21st/GSFC_20130927_IPCC m11376_21st.vtt', 'rel': 'captions'}]"
24,NASA Early Career Research Program - Climate Change Research Ini,2024-08-07T00:00:00Z,"['Climate Change Research Initiative (CCRI)', 'DC', 'Karen St. Germain', 'Mary W. Jackson NASA Headquarters', 'NASA Early Career Research Program (ECR)', 'Washington']",image,"Karen St. Germain, director of the Earth Science Division of NASA’s Science Mission Directorate, speaks with the Climate Change Research Initiative (CCRI) cohort, Wednesday, Aug. 7, 2024, at the Mary W. Jackson NASA Headquarters building in Washington, DC. The Earth Science Division’s Early Career Research Program’s Climate Change Research Initiative (CCRI) is a year-long STEM engagement and experiential learning opportunity for educators and students from high school to graduate level.  Photo Credit: (NASA/Joel Kowsky)",NHQ202408070006,"[{'href': 'https://images-assets.nasa.gov/image/NHQ202408070006/NHQ202408070006~medium.jpg', 'rel': 'alternate', 'render': 'image', 'width': 1280, 'size': 125000, 'height': 767}, {'href': 'https://images-assets.nasa.gov/image/NHQ202408070006/NHQ202408070006~small.jpg', 'rel': 'alternate', 'render': 'image', 'width': 640, 'size': 39000, 'height': 383}, {'href': 'https://images-assets.nasa.gov/image/NHQ202408070006/NHQ202408070006~thumb.jpg', 'rel': 'preview', 'render': 'image', 'width': 640, 'size': 39000, 'height': 383}, {'href': 'https://images-assets.nasa.gov/image/NHQ202408070006/NHQ202408070006~large.jpg', 'rel': 'alternate', 'render': 'image', 'width': 1920, 'size': 262000, 'height': 1150}, {'href': 'https://images-assets.nasa.gov/image/NHQ202408070006/NHQ202408070006~orig.jpg', 'rel': 'canonical', 'render': 'image', 'height': 4419, 'width': 7373, 'size': 25165824}]"
25,NASA Early Career Research Program - Climate Change Research Ini,2024-08-07T00:00:00Z,"['Climate Change Research Initiative (CCRI)', 'DC', 'Karen St. Germain', 'Mary W. Jackson NASA Headquarters', 'NASA Early Career Research Program (ECR)', 'Washington']",image,"Karen St. Germain, director of the Earth Science Division of NASA’s Science Mission Directorate, speaks with the Climate Change Research Initiative (CCRI) cohort, Wednesday, Aug. 7, 2024, at the Mary W. Jackson NASA Headquarters building in Washington, DC. The Earth Science Division’s Early Career Research Program’s Climate Change Research Initiative (CCRI) is a year-long STEM engagement and experiential learning opportunity for educators and students from high school to graduate level.  Photo Credit: (NASA/Joel Kowsky)",NHQ202408070004,"[{'href': 'https://images-assets.nasa.gov/image/NHQ202408070004/NHQ202408070004~medium.jpg', 'rel': 'alternate', 'render': 'image', 'width': 881, 'size': 191000, 'height': 1280}, {'href': 'https://images-assets.nasa.gov/image/NHQ202408070004/NHQ202408070004~small.jpg', 'rel': 'alternate', 'render': 'image', 'width': 440, 'size': 45000, 'height': 640}, {'href': 'https://images-assets.nasa.gov/image/NHQ202408070004/NHQ202408070004~thumb.jpg', 'rel': 'preview', 'render': 'image', 'width': 440, 'size': 45000, 'height': 640}, {'href': 'https://images-assets.nasa.gov/image/NHQ202408070004/NHQ202408070004~large.jpg', 'rel': 'alternate', 'render': 'image', 'width': 1321, 'size': 529000, 'height': 1920}, {'href': 'https://images-assets.nasa.gov/image/NHQ202408070004/NHQ202408070004~orig.jpg', 'rel': 'canonical', 'render': 'image', 'height': 7244, 'width': 4986, 'size': 44040192}]"
26,NASA Early Career Research Program - Climate Change Research Ini,2024-08-07T00:00:00Z,"['Climate Change Research Initiative (CCRI)', 'DC', 'Mary W. Jackson NASA Headquarters', 'NASA Early Career Research Program (ECR)', 'Washington', 'Yaítza Luna-Cruz']",image,"Yaítza Luna-Cruz, a program executive in the Earth Science Division of NASA’s Science Mission Directorate and program manager for the Early Career Research Program, speaks to the Climate Change Research Initiative (CCRI) cohort, Wednesday, Aug. 7, 2024, at the Mary W. Jackson NASA Headquarters building in Washington, DC. The Earth Science Division’s Early Career Research Program’s Climate Change Research Initiative (CCRI) is a year-long STEM engagement and experiential learning opportunity for educators and students from high school to graduate level. Photo Credit: (NASA/Joel Kowsky)",NHQ202408070002,"[{'href': 'https://images-assets.nasa.gov/image/NHQ202408070002/NHQ202408070002~medium.jpg', 'rel': 'alternate', 'render': 'image', 'width': 1280, 'size': 103000, 'height': 830}, {'href': 'https://images-assets.nasa.gov/image/NHQ202408070002/NHQ202408070002~small.jpg', 'rel': 'alternate', 'render': 'image', 'width': 640, 'size': 35000, 'height': 415}, {'href': 'https://images-assets.nasa.gov/image/NHQ202408070002/NHQ202408070002~thumb.jpg', 'rel': 'preview', 'render': 'image', 'width': 640, 'size': 35000, 'height': 415}, {'href': 'https://images-assets.nasa.gov/image/NHQ202408070002/NHQ202408070002~large.jpg', 'rel': 'alternate', 'render': 'image', 'width': 1920, 'size': 228000, 'height': 1245}, {'href': 'https://images-assets.nasa.gov/image/NHQ202408070002/NHQ202408070002~orig.jpg', 'rel': 'canonical', 'render': 'image', 'height': 4769, 'width': 7354, 'size': 29360128}]"
27,NASA Early Career Research Program - Climate Change Research Ini,2024-08-07T00:00:00Z,"['Climate Change Research Initiative (CCRI)', 'Cynthia Hall', 'DC', 'Mary W. Jackson NASA Headquarters', 'NASA Early Career Research Program (ECR)', 'Washington', 'Yaítza Luna-Cruz']",image,"Cynthia Hall, support scientist for the Early Career Research Program in NASA’s Earth Science Division, right, and Yaítza Luna-Cruz, a program executive in the Earth Science Division of NASA’s Science Mission Directorate and program manager for the Early Career Research Program speak to the Climate Change Research Initiative (CCRI) cohort, Wednesday, Aug. 7, 2024, at the Mary W. Jackson NASA Headquarters building in Washington, DC. The Earth Science Division’s Early Career Research Program’s Climate Change Research Initiative (CCRI) is a year-long STEM engagement and experiential learning opportunity for educators and students from high school to graduate level. Photo Credit: (NASA/Joel Kowsky)",NHQ202408070003,"[{'href': 'https://images-assets.nasa.gov/image/NHQ202408070003/NHQ202408070003~medium.jpg', 'rel': 'alternate', 'render': 'image', 'width': 1280, 'size': 160000, 'height': 760}, {'href': 'https://images-assets.nasa.gov/image/NHQ202408070003/NHQ202408070003~small.jpg', 'rel': 'alternate', 'render': 'image', 'width': 640, 'size': 47000, 'height': 380}, {'href': 'https://images-assets.nasa.gov/image/NHQ202408070003/NHQ202408070003~thumb.jpg', 'rel': 'preview', 'render': 'image', 'width': 640, 'size': 47000, 'height': 380}, {'href': 'https://images-assets.nasa.gov/image/NHQ202408070003/NHQ202408070003~large.jpg', 'rel': 'alternate', 'render': 'image', 'width': 1920, 'size': 351000, 'height': 1140}, {'href': 'https://images-assets.nasa.gov/image/NHQ202408070003/NHQ202408070003~orig.jpg', 'rel': 'canonical', 'render': 'image', 'height': 4904, 'width': 8256, 'size': 36700160}]"
28,A Summer ABoVE the Warming Arctic,2017-12-12T00:00:00Z,"['Carbon Release', 'Carbon Sink', 'Climate', 'Climate Indicators', 'Organic Matter', 'Permafrost', 'Arctic', 'Climate Change', 'Earth', 'Wildfires']",video,"Scientists with NASA's Arctic Boreal Vulnerability Experiment - ABoVE - are studying how the Arctic region responds to climate change. Looking at everything from thawing permafrost underground to wildfires, the researchers are working to create a comprehensive picture of the warming Arctic.  This summer, the team brought a fleet of planes to fly over Alaska and Canada and gather data to complement measurements taken from the ground. The ABoVE campaign is designed to last for ten years.",GSFC_20171212_ABoVE_m12794_Arctic,"[{'href': 'https://images-assets.nasa.gov/video/GSFC_20171212_ABoVE_m12794_Arctic/GSFC_20171212_ABoVE_m12794_Arctic~large.jpg', 'rel': 'alternate', 'render': 'image', 'width': 800, 'size': 29000, 'height': 450}, {'href': 'https://images-assets.nasa.gov/video/GSFC_20171212_ABoVE_m12794_Arctic/GSFC_20171212_ABoVE_m12794_Arctic~medium.jpg', 'rel': 'alternate', 'render': 'image', 'width': 400, 'size': 12000, 'height': 225}, {'href': 'https://images-assets.nasa.gov/video/GSFC_20171212_ABoVE_m12794_Arctic/GSFC_20171212_ABoVE_m12794_Arctic~small.jpg', 'rel': 'alternate', 'render': 'image', 'width': 200, 'size': 5000, 'height': 112}, {'href': 'https://images-assets.nasa.gov/video/GSFC_20171212_ABoVE_m12794_Arctic/GSFC_20171212_ABoVE_m12794_Arctic~thumb.jpg', 'rel': 'preview', 'render': 'image', 'width': 300, 'size': 9500, 'height': 168}, {'href': 'https://images-assets.nasa.gov/video/GSFC_20171212_ABoVE_m12794_Arctic/GSFC_20171212_ABoVE_m12794_Arctic.vtt', 'rel': 'captions'}]"
29,Record-Breaking Climate Trends 2016 – Rising Temperatures and Shrinking Sea Ice,2016-07-19T00:00:00Z,"['Sea Ice', 'Temperature', 'Temperature Trend', 'Climate Indicators', 'Climate Change', 'Earth']",video,"Two key climate change indicators have broken numerous records through the first half of 2016, according to NASA analyses of ground-based observations and satellite data. Each of the first six months of 2016 set a record as the warmest respective month globally in the modern temperature record, which dates to 1880. Meanwhile, five of the first six months set records for the smallest monthly Arctic sea ice extent since consistent satellite records began in 1979. NASA researchers are in the field this summer, collecting data to better understand our changing climate.  While these two key climate indicators have broken records of late, NASA scientists said it is more significant that global temperature and Arctic sea ice are continuing their decades-long trends of change. Both trends are ultimately driven by rising atmospheric concentrations of heat-trapping carbon dioxide and greenhouse gases as a result of fossil fuel burning and deforestation. These rising concentrations directly cause warming of the atmosphere and ocean, which in turn induce sea ice melt.  NASA tracks temperature and sea ice as part of its effort to understand the Earth as a system and to understand how Earth is changing. In addition to maintaining a fleet of 20 Earth-observing satellite missions, NASA also sends researchers around the globe to investigate different facets of the planet at closer range. Right now, NASA researchers are working across the Arctic to better understand both the processes driving increased sea ice melt and the impacts of rising temperatures on Arctic ecosystems.",GSFC_20160719_SeaIce_m12306_Climate,"[{'href': 'https://images-assets.nasa.gov/video/GSFC_20160719_SeaIce_m12306_Climate/GSFC_20160719_SeaIce_m12306_Climate~large.jpg', 'rel': 'alternate', 'render': 'image', 'width': 800, 'size': 39000, 'height': 450}, {'href': 'https://images-assets.nasa.gov/video/GSFC_20160719_SeaIce_m12306_Climate/GSFC_20160719_SeaIce_m12306_Climate~medium.jpg', 'rel': 'alternate', 'render': 'image', 'width': 400, 'size': 17000, 'height': 225}, {'href': 'https://images-assets.nasa.gov/video/GSFC_20160719_SeaIce_m12306_Climate/GSFC_20160719_SeaIce_m12306_Climate~small.jpg', 'rel': 'alternate', 'render': 'image', 'width': 200, 'size': 6400, 'height': 112}, {'href': 'https://images-assets.nasa.gov/video/GSFC_20160719_SeaIce_m12306_Climate/GSFC_20160719_SeaIce_m12306_Climate~thumb.jpg', 'rel': 'preview', 'render': 'image', 'width': 300, 'size': 10000, 'height': 168}, {'href': 'https://images-assets.nasa.gov/video/GSFC_20160719_SeaIce_m12306_Climate/GSFC_20160719_SeaIce_m12306_Climate.vtt', 'rel': 'captions'}]"
30,NASA Science Live: Climate Edition - Extreme Weather [Episode 57],2024-08-21T00:00:00Z,"['climate', 'earth', 'taira allen', 'kate calvin', 'michelle hawkins', 'climate change', 'extreme weather', 'NSL', 'NASA Science Live']",video,"As Earth’s climate changes, we’re seeing shifts in the intensity of events such as record-breaking heat waves, severe floods, prolonged droughts, devastating wildfires and stronger hurricanes. Join NASA’s Chief Scientist Dr. Kate Calvin and climate expert Dr. Michelle Hawkins on Wednesday, August 21 at 3:00 p.m. ET on NASA Science Live as they discuss the science behind these changes. Have questions? Use #askNASA.----- Tahira Allen, NASA Communications Dr. Kate Calvin, NASA Chief Scientist and Senior Climate Advisor  Dr. Michelle Hawkins, Program Manager, NASA Climate Resilience and Community Action",GSFC_NSL_ExtremeWeather_Ep57,"[{'href': 'https://images-assets.nasa.gov/video/GSFC_NSL_ExtremeWeather_Ep57/GSFC_NSL_ExtremeWeather_Ep57~large.jpg', 'rel': 'alternate', 'render': 'image', 'width': 800, 'size': 21000, 'height': 450}, {'href': 'https://images-assets.nasa.gov/video/GSFC_NSL_ExtremeWeather_Ep57/GSFC_NSL_ExtremeWeather_Ep57~medium.jpg', 'rel': 'alternate', 'render': 'image', 'width': 400, 'size': 9100, 'height': 225}, {'href': 'https://images-assets.nasa.gov/video/GSFC_NSL_ExtremeWeather_Ep57/GSFC_NSL_ExtremeWeather_Ep57~small.jpg', 'rel': 'alternate', 'render': 'image', 'width': 200, 'size': 3700, 'height': 112}, {'href': 'https://images-assets.nasa.gov/video/GSFC_NSL_ExtremeWeather_Ep57/GSFC_NSL_ExtremeWeather_Ep57~thumb.jpg', 'rel': 'preview', 'render': 'image', 'width': 300, 'size': 6100, 'height': 168}, {'href': 'https://images-assets.nasa.gov/video/GSFC_NSL_ExtremeWeather_Ep57/GSFC_NSL_ExtremeWeather_Ep57.srt', 'rel': 'captions'}]"
31,Ask A Climate Scientist - Lagging CO2,2013-09-24T00:00:00Z,"['Climate Change', 'Earth']",video,"Is there any merit to the studies that show that historical CO2 levels lag behind temperature, and not lead them? Climate scientist Peter Hildebrand, Director of the Earth Science Division at NASA's Goddard Space Flight Center, says yes, there's merit to those studies. In the pre-industrial age, the CO2 response to temperature was that the temperature would go up and CO2 would go up. Or if the temperature went down, CO2 would go down. And the reason for that is when the temperature went up, the whole biosphere revved up and emitted CO2, and we had more CO2 in the atmosphere. So we understand that process.  In the post-industrial age, the opposite is true. Increasing CO2 in the atmosphere is leading to increased temperature. So two different things happened, one pre-industrial, where temperature was driving the CO2, and post-industrial, where CO2 was driving temperature. Which means a completely different physical-biological process is going on. And we don't understand what the consequence of that change is.  It is a fundamental change to how the earth works and the earth's radiation balance works. And so, we're very concerned because we don't see any restraining force on continued increase in temperature due to continued increase in CO2. And that's a problem.",GSFC_20130924_AACS_m11362_CO2Lag,"[{'href': 'https://images-assets.nasa.gov/video/GSFC_20130924_AACS_m11362_CO2Lag/GSFC_20130924_AACS_m11362_CO2Lag~large.jpg', 'rel': 'alternate', 'render': 'image', 'width': 800, 'size': 29000, 'height': 450}, {'href': 'https://images-assets.nasa.gov/video/GSFC_20130924_AACS_m11362_CO2Lag/GSFC_20130924_AACS_m11362_CO2Lag~medium.jpg', 'rel': 'alternate', 'render': 'image', 'width': 400, 'size': 14000, 'height': 225}, {'href': 'https://images-assets.nasa.gov/video/GSFC_20130924_AACS_m11362_CO2Lag/GSFC_20130924_AACS_m11362_CO2Lag~small.jpg', 'rel': 'alternate', 'render': 'image', 'width': 200, 'size': 6200, 'height': 112}, {'href': 'https://images-assets.nasa.gov/video/GSFC_20130924_AACS_m11362_CO2Lag/GSFC_20130924_AACS_m11362_CO2Lag~thumb.jpg', 'rel': 'preview', 'render': 'image', 'width': 300, 'size': 10000, 'height': 168}, {'href': 'https://images-assets.nasa.gov/video/GSFC_20130924_AACS_m11362_CO2Lag/GSFC_20130924_AACS_m11362_CO2Lag.vtt', 'rel': 'captions'}]"
32,NASA Science Live: The Summer of Record-Breaking Heat [Episode 48],2023-08-14T00:00:00Z,"['NSL', 'NASA Science Live', 'Climate', 'Climate Change', 'Megan Cruz', 'Gavin Schidt', 'Kate Calvin', 'Global Temperatures']",video,"This summer, Earth has experienced some of the hottest temperatures on record and July is shaping up to follow this record-breaking trend. Join NASA climate experts Monday, August 14 at 3:30pm ET as they discuss impacts of climate change. Submit your questions using #askNASA.",20230814_NSL_Climate_Ep48,"[{'href': 'https://images-assets.nasa.gov/video/20230814_NSL_Climate_Ep48/20230814_NSL_Climate_Ep48~large.jpg', 'rel': 'alternate', 'render': 'image', 'width': 800, 'size': 31000, 'height': 450}, {'href': 'https://images-assets.nasa.gov/video/20230814_NSL_Climate_Ep48/20230814_NSL_Climate_Ep48~medium.jpg', 'rel': 'alternate', 'render': 'image', 'width': 400, 'size': 15000, 'height': 225}, {'href': 'https://images-assets.nasa.gov/video/20230814_NSL_Climate_Ep48/20230814_NSL_Climate_Ep48~small.jpg', 'rel': 'alternate', 'render': 'image', 'width': 200, 'size': 6200, 'height': 112}, {'href': 'https://images-assets.nasa.gov/video/20230814_NSL_Climate_Ep48/20230814_NSL_Climate_Ep48~thumb.jpg', 'rel': 'preview', 'render': 'image', 'width': 300, 'size': 9900, 'height': 168}, {'href': 'https://images-assets.nasa.gov/video/20230814_NSL_Climate_Ep48/20230814_NSL_Climate_Ep48.srt', 'rel': 'captions'}]"
33,NASA Tracks the Future of Asia's Glaciers,2019-06-26T00:00:00Z,"['Himalaya', 'Watershed', 'Glacial Landforms', 'Climate Change', 'Earth', 'Floods', 'Freshwater']",video,"Asia’s high mountains are a crucial freshwater source to one-seventh of the world’s population. Snow and glaciers in these mountains contain the largest volume of freshwater outside of Earth's polar ice sheets, leading hydrologists to nickname this region the Third Pole.   Rapid changes in the region's climate are affecting glacier flows and snowmelt. Local people are already modifying their land-use practices in response to the changing supply, and the region's ecology is transforming. Scientists estimate that by 2100, these glaciers could be up to 75% smaller in volume.   NASA's satellites observe and measure snow and ice cover remotely with multiple types of sensors. This allows scientists to create an authoritative estimate of the water budget of this region and a set of products local policy makers can use in responding to hazards and planning for a changing water supply.",GSFC_20190626_Glaciers_m13243_Asia,"[{'href': 'https://images-assets.nasa.gov/video/GSFC_20190626_Glaciers_m13243_Asia/GSFC_20190626_Glaciers_m13243_Asia~large.jpg', 'rel': 'alternate', 'render': 'image', 'width': 800, 'size': 21000, 'height': 450}, {'href': 'https://images-assets.nasa.gov/video/GSFC_20190626_Glaciers_m13243_Asia/GSFC_20190626_Glaciers_m13243_Asia~medium.jpg', 'rel': 'alternate', 'render': 'image', 'width': 400, 'size': 8400, 'height': 225}, {'href': 'https://images-assets.nasa.gov/video/GSFC_20190626_Glaciers_m13243_Asia/GSFC_20190626_Glaciers_m13243_Asia~small.jpg', 'rel': 'alternate', 'render': 'image', 'width': 200, 'size': 4400, 'height': 112}, {'href': 'https://images-assets.nasa.gov/video/GSFC_20190626_Glaciers_m13243_Asia/GSFC_20190626_Glaciers_m13243_Asia~thumb.jpg', 'rel': 'preview', 'render': 'image', 'width': 300, 'size': 5600, 'height': 168}, {'href': 'https://images-assets.nasa.gov/video/GSFC_20190626_Glaciers_m13243_Asia/GSFC_20190626_Glaciers_m13243_Asia.vtt', 'rel': 'captions'}]"
34,Vice President Kamala Harris Visited NASA’s Goddard Space Flight Center - Wrap Package,2021-11-05T00:00:00Z,"['Earth Science', 'Vice President', 'Kamala Harris', 'NASA Administrator', 'Bill Nelson', 'Goddard Visit', 'Tour', 'climate change', 'climate studies', 'GSFC']",video,"The urgency of Earth science and climate studies took the spotlight Friday, Nov. 5, as U.S. Vice President Kamala Harris visited NASA’s Goddard Space Flight Center in Greenbelt, Maryland. Alongside NASA Administrator Bill Nelson, the vice president received a firsthand look at how NASA studies climate change and provides crucial information to understand our planet’s changes and their impacts on our lives.",GSFC_20211105_M14017_VP_Harris,"[{'href': 'https://images-assets.nasa.gov/video/GSFC_20211105_M14017_VP_Harris/GSFC_20211105_M14017_VP_Harris~large.jpg', 'rel': 'alternate', 'render': 'image', 'width': 800, 'size': 43000, 'height': 450}, {'href': 'https://images-assets.nasa.gov/video/GSFC_20211105_M14017_VP_Harris/GSFC_20211105_M14017_VP_Harris~medium.jpg', 'rel': 'alternate', 'render': 'image', 'width': 400, 'size': 19000, 'height': 225}, {'href': 'https://images-assets.nasa.gov/video/GSFC_20211105_M14017_VP_Harris/GSFC_20211105_M14017_VP_Harris~small.jpg', 'rel': 'alternate', 'render': 'image', 'width': 200, 'size': 7000, 'height': 112}, {'href': 'https://images-assets.nasa.gov/video/GSFC_20211105_M14017_VP_Harris/GSFC_20211105_M14017_VP_Harris~thumb.jpg', 'rel': 'preview', 'render': 'image', 'width': 300, 'size': 12000, 'height': 168}, {'href': 'https://images-assets.nasa.gov/video/GSFC_20211105_M14017_VP_Harris/GSFC_20211105_M14017_VP_Harris.srt', 'rel': 'captions'}]"
35,NASA ScienceCasts: Station Science 101 - Earth Observation from the Space Station,2024-07-03T00:00:00Z,"['ScienceCasts', 'ISS', 'International Space Station', 'photography', 'astronaut', 'climate change', 'disaster response']",video,"Stunning images of Earth captured by crew members on the International Space Station are actively supporting life on our planet, helping monitor climate change, and advancing our understanding of Earth’s changing landscapes.",322_SS101-CEO,"[{'href': 'https://images-assets.nasa.gov/video/322_SS101-CEO/322_SS101-CEO~large.jpg', 'rel': 'alternate', 'render': 'image', 'width': 800, 'size': 45000, 'height': 450}, {'href': 'https://images-assets.nasa.gov/video/322_SS101-CEO/322_SS101-CEO~medium.jpg', 'rel': 'alternate', 'render': 'image', 'width': 400, 'size': 13000, 'height': 225}, {'href': 'https://images-assets.nasa.gov/video/322_SS101-CEO/322_SS101-CEO~small.jpg', 'rel': 'alternate', 'render': 'image', 'width': 200, 'size': 4700, 'height': 112}, {'href': 'https://images-assets.nasa.gov/video/322_SS101-CEO/322_SS101-CEO~thumb.jpg', 'rel': 'preview', 'render': 'image', 'width': 300, 'size': 9300, 'height': 168}, {'href': 'https://images-assets.nasa.gov/video/322_SS101-CEO/322_SS101-CEO.srt', 'rel': 'captions'}]"
36,Salt of the Earth,2009-10-12T00:00:00Z,"['Physical Oceanography', 'Oceans', 'Ocean Circulation', 'Thermohaline Circulation', 'Salinity', 'Aquarius', 'Climate Change', 'Earth Science Week', 'Earth']",video,"Salinity plays a major role in how ocean waters circulate around the globe. Salinity changes can create ocean circulation changes that, in turn, may impact regional and global climates. The extent to which salinity impacts our global ocean circulation is still relatively unknown, but NASA's new Aquarius mission will help advance that understanding by painting a global picture of our planet's salty waters.",GSFC_20091012_Aquarius_m10504_Salt,"[{'href': 'https://images-assets.nasa.gov/video/GSFC_20091012_Aquarius_m10504_Salt/GSFC_20091012_Aquarius_m10504_Salt~large.jpg', 'rel': 'alternate', 'render': 'image', 'width': 800, 'size': 25000, 'height': 450}, {'href': 'https://images-assets.nasa.gov/video/GSFC_20091012_Aquarius_m10504_Salt/GSFC_20091012_Aquarius_m10504_Salt~medium.jpg', 'rel': 'alternate', 'render': 'image', 'width': 400, 'size': 11000, 'height': 225}, {'href': 'https://images-assets.nasa.gov/video/GSFC_20091012_Aquarius_m10504_Salt/GSFC_20091012_Aquarius_m10504_Salt~small.jpg', 'rel': 'alternate', 'render': 'image', 'width': 200, 'size': 4800, 'height': 112}, {'href': 'https://images-assets.nasa.gov/video/GSFC_20091012_Aquarius_m10504_Salt/GSFC_20091012_Aquarius_m10504_Salt~thumb.jpg', 'rel': 'preview', 'render': 'image', 'width': 300, 'size': 6900, 'height': 168}, {'href': 'https://images-assets.nasa.gov/video/GSFC_20091012_Aquarius_m10504_Salt/GSFC_20091012_Aquarius_m10504_Salt.srt', 'rel': 'captions'}]"
37,KSC-2011-2637,2011-03-30T00:00:00Z,"['ELV, Delta II, science, research, climate change, Earth mission']",image,"VANDENBERG AIR FORCE BASE, Calif. -- The Aquarius/SAC-D spacecraft is in the Spaceport Systems International payload processing facility at Vandenberg Air Force Base in California.  Earlier, a U.S. Air Force C-17 transport plane delivered the spacecraft from Campos, Brazil. Following final tests, the spacecraft will be integrated to a United Launch Alliance Delta II rocket in preparation for the targeted June launch to low Earth orbit.    Aquarius, the NASA-built primary instrument on the SAC-D spacecraft, will map global changes in salinity at the ocean's surface. Salinity is a key measurement for understanding how changes in rainfall, evaporation and the melting of freezing of ice influence ocean circulation and are linked to variations in Earth's climate. The three-year mission will provide new insights into how variations in ocean surface salinity relate to these fundamental climate processes. Photo credit: VAFB/30th Space Wing",KSC-2011-2637,"[{'href': 'https://images-assets.nasa.gov/image/KSC-2011-2637/KSC-2011-2637~medium.jpg', 'rel': 'alternate', 'render': 'image', 'width': 856, 'size': 116000, 'height': 1280}, {'href': 'https://images-assets.nasa.gov/image/KSC-2011-2637/KSC-2011-2637~small.jpg', 'rel': 'alternate', 'render': 'image', 'width': 428, 'size': 38000, 'height': 640}, {'href': 'https://images-assets.nasa.gov/image/KSC-2011-2637/KSC-2011-2637~thumb.jpg', 'rel': 'preview', 'render': 'image', 'width': 428, 'size': 38000, 'height': 640}, {'href': 'https://images-assets.nasa.gov/image/KSC-2011-2637/KSC-2011-2637~large.jpg', 'rel': 'alternate', 'render': 'image', 'width': 1285, 'size': 226000, 'height': 1920}, {'href': 'https://images-assets.nasa.gov/image/KSC-2011-2637/KSC-2011-2637~orig.jpg', 'rel': 'canonical', 'render': 'image', 'height': 3000, 'width': 2008, 'size': 877000}]"
38,KSC-2011-2724,2011-04-01T00:00:00Z,"['ELV, Delta II, science, research, climate change, Earth mission']",image,"VANDENBERG AIR FORCE BASE, Calif. -- Technicians prepare to unpack and unveil the Aquarius/SAC-D spacecraft in the Spaceport Systems International payload processing facility at Vandenberg Air Force Base in California. The container protected the spacecraft on its journey from Campos, Brazil, aboard a U.S. Air Force C-17 transport plane. Following final tests, the spacecraft will be integrated to a United Launch Alliance Delta II rocket in preparation for the targeted June launch to low Earth orbit.            Aquarius, the NASA-built primary instrument on the SAC-D spacecraft, will map global changes in salinity at the ocean's surface. Salinity is a key measurement for understanding how changes in rainfall, evaporation and the melting of freezing of ice influence ocean circulation and are linked to variations in Earth's climate. The three-year mission will provide new insights into how variations in ocean surface salinity relate to these fundamental climate processes. Photo credit: NASA/Randy Beaudoin, VAFB",KSC-2011-2724,"[{'href': 'https://images-assets.nasa.gov/image/KSC-2011-2724/KSC-2011-2724~medium.jpg', 'rel': 'alternate', 'render': 'image', 'width': 1280, 'size': 172000, 'height': 850}, {'href': 'https://images-assets.nasa.gov/image/KSC-2011-2724/KSC-2011-2724~small.jpg', 'rel': 'alternate', 'render': 'image', 'width': 640, 'size': 53000, 'height': 425}, {'href': 'https://images-assets.nasa.gov/image/KSC-2011-2724/KSC-2011-2724~thumb.jpg', 'rel': 'preview', 'render': 'image', 'width': 640, 'size': 53000, 'height': 425}, {'href': 'https://images-assets.nasa.gov/image/KSC-2011-2724/KSC-2011-2724~large.jpg', 'rel': 'alternate', 'render': 'image', 'width': 1920, 'size': 367000, 'height': 1275}, {'href': 'https://images-assets.nasa.gov/image/KSC-2011-2724/KSC-2011-2724~orig.jpg', 'rel': 'canonical', 'render': 'image', 'height': 1993, 'width': 3000, 'size': 1582000}]"
39,KSC-2011-2726,2011-04-01T00:00:00Z,"['ELV, Delta II, science, research, climate change, Earth mission']",image,"VANDENBERG AIR FORCE BASE, Calif. -- Technicians unpack and unveil the Aquarius/SAC-D spacecraft in the Spaceport Systems International payload processing facility at Vandenberg Air Force Base in California. The container protected the spacecraft on its journey from Campos, Brazil, aboard a U.S. Air Force C-17 transport plane. Following final tests, the spacecraft will be integrated to a United Launch Alliance Delta II rocket in preparation for the targeted June launch to low Earth orbit.      Aquarius, the NASA-built primary instrument on the SAC-D spacecraft, will map global changes in salinity at the ocean's surface. Salinity is a key measurement for understanding how changes in rainfall, evaporation and the melting of freezing of ice influence ocean circulation and are linked to variations in Earth's climate. The three-year mission will provide new insights into how variations in ocean surface salinity relate to these fundamental climate processes. Photo credit: NASA/Randy Beaudoin, VAFB",KSC-2011-2726,"[{'href': 'https://images-assets.nasa.gov/image/KSC-2011-2726/KSC-2011-2726~medium.jpg', 'rel': 'alternate', 'render': 'image', 'width': 1280, 'size': 169000, 'height': 850}, {'href': 'https://images-assets.nasa.gov/image/KSC-2011-2726/KSC-2011-2726~small.jpg', 'rel': 'alternate', 'render': 'image', 'width': 640, 'size': 53000, 'height': 425}, {'href': 'https://images-assets.nasa.gov/image/KSC-2011-2726/KSC-2011-2726~thumb.jpg', 'rel': 'preview', 'render': 'image', 'width': 640, 'size': 53000, 'height': 425}, {'href': 'https://images-assets.nasa.gov/image/KSC-2011-2726/KSC-2011-2726~large.jpg', 'rel': 'alternate', 'render': 'image', 'width': 1920, 'size': 338000, 'height': 1275}, {'href': 'https://images-assets.nasa.gov/image/KSC-2011-2726/KSC-2011-2726~orig.jpg', 'rel': 'canonical', 'render': 'image', 'height': 1993, 'width': 3000, 'size': 1325000}]"
40,KSC-2011-2624,2011-03-30T00:00:00Z,"['ELV, Delta II, science, research, climate change, Earth mission']",image,"VANDENBERG AIR FORCE BASE, Calif. -- The Aquarius/SAC-D spacecraft arrives at Vandenberg Air Force Base in California from Campos, Brazil, aboard a U.S. Air Force C-17 transport plane. Following final tests, the spacecraft will be integrated to a United Launch Alliance Delta II rocket in preparation for the targeted June launch to low Earth orbit.          Aquarius, the NASA-built primary instrument on the SAC-D spacecraft, will map global changes in salinity at the ocean's surface. Salinity is a key measurement for understanding how changes in rainfall, evaporation and the melting of freezing of ice influence ocean circulation and are linked to variations in Earth's climate. The three-year mission will provide new insights into how variations in ocean surface salinity relate to these fundamental climate processes. Photo credit: VAFB/30th Space Wing",KSC-2011-2624,"[{'href': 'https://images-assets.nasa.gov/image/KSC-2011-2624/KSC-2011-2624~medium.jpg', 'rel': 'alternate', 'render': 'image', 'width': 1280, 'size': 56000, 'height': 856}, {'href': 'https://images-assets.nasa.gov/image/KSC-2011-2624/KSC-2011-2624~small.jpg', 'rel': 'alternate', 'render': 'image', 'width': 640, 'size': 18000, 'height': 428}, {'href': 'https://images-assets.nasa.gov/image/KSC-2011-2624/KSC-2011-2624~thumb.jpg', 'rel': 'preview', 'render': 'image', 'width': 640, 'size': 18000, 'height': 428}, {'href': 'https://images-assets.nasa.gov/image/KSC-2011-2624/KSC-2011-2624~large.jpg', 'rel': 'alternate', 'render': 'image', 'width': 1920, 'size': 117000, 'height': 1285}, {'href': 'https://images-assets.nasa.gov/image/KSC-2011-2624/KSC-2011-2624~orig.jpg', 'rel': 'canonical', 'render': 'image', 'height': 2008, 'width': 3000, 'size': 571000}]"
41,KSC-2011-2638,2011-03-30T00:00:00Z,"['ELV, Delta II, science, research, climate change, Earth mission']",image,"VANDENBERG AIR FORCE BASE, Calif. -- The Aquarius/SAC-D spacecraft is in the Spaceport Systems International payload processing facility at Vandenberg Air Force Base in California.  Earlier, a U.S. Air Force C-17 transport plane delivered the spacecraft from Campos, Brazil. Following final tests, the spacecraft will be integrated to a United Launch Alliance Delta II rocket in preparation for the targeted June launch to low Earth orbit.    Aquarius, the NASA-built primary instrument on the SAC-D spacecraft, will map global changes in salinity at the ocean's surface. Salinity is a key measurement for understanding how changes in rainfall, evaporation and the melting of freezing of ice influence ocean circulation and are linked to variations in Earth's climate. The three-year mission will provide new insights into how variations in ocean surface salinity relate to these fundamental climate processes. Photo credit: VAFB/30th Space Wing",KSC-2011-2638,"[{'href': 'https://images-assets.nasa.gov/image/KSC-2011-2638/KSC-2011-2638~medium.jpg', 'rel': 'alternate', 'render': 'image', 'width': 1280, 'size': 116000, 'height': 856}, {'href': 'https://images-assets.nasa.gov/image/KSC-2011-2638/KSC-2011-2638~small.jpg', 'rel': 'alternate', 'render': 'image', 'width': 640, 'size': 37000, 'height': 428}, {'href': 'https://images-assets.nasa.gov/image/KSC-2011-2638/KSC-2011-2638~thumb.jpg', 'rel': 'preview', 'render': 'image', 'width': 640, 'size': 37000, 'height': 428}, {'href': 'https://images-assets.nasa.gov/image/KSC-2011-2638/KSC-2011-2638~large.jpg', 'rel': 'alternate', 'render': 'image', 'width': 1920, 'size': 241000, 'height': 1285}, {'href': 'https://images-assets.nasa.gov/image/KSC-2011-2638/KSC-2011-2638~orig.jpg', 'rel': 'canonical', 'render': 'image', 'height': 2008, 'width': 3000, 'size': 1036000}]"
42,KSC-2011-2635,2011-03-30T00:00:00Z,"['ELV, Delta II, science, research, climate change, Earth mission']",image,"VANDENBERG AIR FORCE BASE, Calif. -- The Aquarius/SAC-D spacecraft is transported to the Spaceport Systems International payload processing facility at Vandenberg Air Force Base in California.  Earlier, a U.S. Air Force C-17 transport plane delivered the spacecraft from Campos, Brazil. Following final tests, the spacecraft will be integrated to a United Launch Alliance Delta II rocket in preparation for the targeted June launch to low Earth orbit.        Aquarius, the NASA-built primary instrument on the SAC-D spacecraft, will map global changes in salinity at the ocean's surface. Salinity is a key measurement for understanding how changes in rainfall, evaporation and the melting of freezing of ice influence ocean circulation and are linked to variations in Earth's climate. The three-year mission will provide new insights into how variations in ocean surface salinity relate to these fundamental climate processes. Photo credit: VAFB/30th Space Wing",KSC-2011-2635,"[{'href': 'https://images-assets.nasa.gov/image/KSC-2011-2635/KSC-2011-2635~medium.jpg', 'rel': 'alternate', 'render': 'image', 'width': 1280, 'size': 94000, 'height': 856}, {'href': 'https://images-assets.nasa.gov/image/KSC-2011-2635/KSC-2011-2635~small.jpg', 'rel': 'alternate', 'render': 'image', 'width': 640, 'size': 30000, 'height': 428}, {'href': 'https://images-assets.nasa.gov/image/KSC-2011-2635/KSC-2011-2635~thumb.jpg', 'rel': 'preview', 'render': 'image', 'width': 640, 'size': 30000, 'height': 428}, {'href': 'https://images-assets.nasa.gov/image/KSC-2011-2635/KSC-2011-2635~large.jpg', 'rel': 'alternate', 'render': 'image', 'width': 1920, 'size': 192000, 'height': 1285}, {'href': 'https://images-assets.nasa.gov/image/KSC-2011-2635/KSC-2011-2635~orig.jpg', 'rel': 'canonical', 'render': 'image', 'height': 2008, 'width': 3000, 'size': 793000}]"
43,KSC-2011-2626,2011-03-30T00:00:00Z,"['ELV, Delta II, science, research, climate change, Earth mission']",image,"VANDENBERG AIR FORCE BASE, Calif. -- Workers at Vandenberg Air Force Base in California prepare to offload the Aquarius/SAC-D spacecraft from a U.S. Air Force C-17 transport plane. The aircraft traveled from Campos, Brazil. Following final tests, the spacecraft will be integrated to a United Launch Alliance Delta II rocket in preparation for the targeted June launch to low Earth orbit.      Aquarius, the NASA-built primary instrument on the SAC-D spacecraft, will map global changes in salinity at the ocean's surface. Salinity is a key measurement for understanding how changes in rainfall, evaporation and the melting of freezing of ice influence ocean circulation and are linked to variations in Earth's climate. The three-year mission will provide new insights into how variations in ocean surface salinity relate to these fundamental climate processes. Photo credit: VAFB/30th Space Wing",KSC-2011-2626,"[{'href': 'https://images-assets.nasa.gov/image/KSC-2011-2626/KSC-2011-2626~medium.jpg', 'rel': 'alternate', 'render': 'image', 'width': 1280, 'size': 77000, 'height': 856}, {'href': 'https://images-assets.nasa.gov/image/KSC-2011-2626/KSC-2011-2626~small.jpg', 'rel': 'alternate', 'render': 'image', 'width': 640, 'size': 26000, 'height': 428}, {'href': 'https://images-assets.nasa.gov/image/KSC-2011-2626/KSC-2011-2626~thumb.jpg', 'rel': 'preview', 'render': 'image', 'width': 640, 'size': 26000, 'height': 428}, {'href': 'https://images-assets.nasa.gov/image/KSC-2011-2626/KSC-2011-2626~large.jpg', 'rel': 'alternate', 'render': 'image', 'width': 1920, 'size': 150000, 'height': 1285}, {'href': 'https://images-assets.nasa.gov/image/KSC-2011-2626/KSC-2011-2626~orig.jpg', 'rel': 'canonical', 'render': 'image', 'height': 2008, 'width': 3000, 'size': 605000}]"
44,KSC-2011-2633,2011-03-30T00:00:00Z,"['ELV, Delta II, science, research, climate change, Earth mission']",image,"VANDENBERG AIR FORCE BASE, Calif. -- The Aquarius/SAC-D spacecraft is transported to the Spaceport Systems International processing facility at Vandenberg Air Force Base in California.  Earlier, a U.S. Air Force C-17 transport plane delivered the spacecraft from Campos, Brazil. Following final tests, the spacecraft will be integrated to a United Launch Alliance Delta II rocket in preparation for the targeted June launch to low Earth orbit.  Aquarius, the NASA-built primary instrument on the SAC-D spacecraft, will map global changes in salinity at the ocean's surface. Salinity is a key measurement for understanding how changes in rainfall, evaporation and the melting of freezing of ice influence ocean circulation and are linked to variations in Earth's climate. The three-year mission will provide new insights into how variations in ocean surface salinity relate to these fundamental climate processes. Photo credit: VAFB/30th Space Wing",KSC-2011-2633,"[{'href': 'https://images-assets.nasa.gov/image/KSC-2011-2633/KSC-2011-2633~medium.jpg', 'rel': 'alternate', 'render': 'image', 'width': 1280, 'size': 104000, 'height': 856}, {'href': 'https://images-assets.nasa.gov/image/KSC-2011-2633/KSC-2011-2633~small.jpg', 'rel': 'alternate', 'render': 'image', 'width': 640, 'size': 34000, 'height': 428}, {'href': 'https://images-assets.nasa.gov/image/KSC-2011-2633/KSC-2011-2633~thumb.jpg', 'rel': 'preview', 'render': 'image', 'width': 640, 'size': 34000, 'height': 428}, {'href': 'https://images-assets.nasa.gov/image/KSC-2011-2633/KSC-2011-2633~large.jpg', 'rel': 'alternate', 'render': 'image', 'width': 1920, 'size': 204000, 'height': 1285}, {'href': 'https://images-assets.nasa.gov/image/KSC-2011-2633/KSC-2011-2633~orig.jpg', 'rel': 'canonical', 'render': 'image', 'height': 2008, 'width': 3000, 'size': 791000}]"
45,KSC-2011-2629,2011-03-30T00:00:00Z,"['ELV, Delta II, science, research, climate change, Earth mission']",image,"VANDENBERG AIR FORCE BASE, Calif. -- The Aquarius/SAC-D spacecraft is offloaded from a U.S. Air Force C-17 transport at Vandenberg Air Force Base in California. The aircraft traveled from Campos, Brazil. Following final tests, the spacecraft will be integrated to a United Launch Alliance Delta II rocket in preparation for the targeted June launch to low Earth orbit.      Aquarius, the NASA-built primary instrument on the SAC-D spacecraft, will map global changes in salinity at the ocean's surface. Salinity is a key measurement for understanding how changes in rainfall, evaporation and the melting of freezing of ice influence ocean circulation and are linked to variations in Earth's climate. The three-year mission will provide new insights into how variations in ocean surface salinity relate to these fundamental climate processes. Photo credit: VAFB/30th Space Wing",KSC-2011-2629,"[{'href': 'https://images-assets.nasa.gov/image/KSC-2011-2629/KSC-2011-2629~medium.jpg', 'rel': 'alternate', 'render': 'image', 'width': 1280, 'size': 101000, 'height': 856}, {'href': 'https://images-assets.nasa.gov/image/KSC-2011-2629/KSC-2011-2629~small.jpg', 'rel': 'alternate', 'render': 'image', 'width': 640, 'size': 30000, 'height': 428}, {'href': 'https://images-assets.nasa.gov/image/KSC-2011-2629/KSC-2011-2629~thumb.jpg', 'rel': 'preview', 'render': 'image', 'width': 640, 'size': 30000, 'height': 428}, {'href': 'https://images-assets.nasa.gov/image/KSC-2011-2629/KSC-2011-2629~large.jpg', 'rel': 'alternate', 'render': 'image', 'width': 1920, 'size': 212000, 'height': 1285}, {'href': 'https://images-assets.nasa.gov/image/KSC-2011-2629/KSC-2011-2629~orig.jpg', 'rel': 'canonical', 'render': 'image', 'height': 2008, 'width': 3000, 'size': 887000}]"
46,KSC-2011-2728,2011-04-01T00:00:00Z,"['ELV, Delta II, science, research, climate change, Earth mission']",image,"VANDENBERG AIR FORCE BASE, Calif. -- The Aquarius/SAC-D spacecraft is unpacked and unveiled in the Spaceport Systems International payload processing facility at Vandenberg Air Force Base in California. The container protected the spacecraft on its journey from Campos, Brazil, aboard a U.S. Air Force C-17 transport plane. Following final tests, the spacecraft will be integrated to a United Launch Alliance Delta II rocket in preparation for the targeted June launch to low Earth orbit.      Aquarius, the NASA-built primary instrument on the SAC-D spacecraft, will map global changes in salinity at the ocean's surface. Salinity is a key measurement for understanding how changes in rainfall, evaporation and the melting of freezing of ice influence ocean circulation and are linked to variations in Earth's climate. The three-year mission will provide new insights into how variations in ocean surface salinity relate to these fundamental climate processes. Photo credit: NASA/Randy Beaudoin, VAFB",KSC-2011-2728,"[{'href': 'https://images-assets.nasa.gov/image/KSC-2011-2728/KSC-2011-2728~medium.jpg', 'rel': 'alternate', 'render': 'image', 'width': 1280, 'size': 170000, 'height': 850}, {'href': 'https://images-assets.nasa.gov/image/KSC-2011-2728/KSC-2011-2728~small.jpg', 'rel': 'alternate', 'render': 'image', 'width': 640, 'size': 53000, 'height': 425}, {'href': 'https://images-assets.nasa.gov/image/KSC-2011-2728/KSC-2011-2728~thumb.jpg', 'rel': 'preview', 'render': 'image', 'width': 640, 'size': 53000, 'height': 425}, {'href': 'https://images-assets.nasa.gov/image/KSC-2011-2728/KSC-2011-2728~large.jpg', 'rel': 'alternate', 'render': 'image', 'width': 1920, 'size': 336000, 'height': 1275}, {'href': 'https://images-assets.nasa.gov/image/KSC-2011-2728/KSC-2011-2728~orig.jpg', 'rel': 'canonical', 'render': 'image', 'height': 1993, 'width': 3000, 'size': 1270000}]"
47,KSC-2011-2727,2011-04-01T00:00:00Z,"['ELV, Delta II, science, research, climate change, Earth mission']",image,"VANDENBERG AIR FORCE BASE, Calif. -- The Aquarius/SAC-D spacecraft is unpacked and unveiled in the Spaceport Systems International payload processing facility at Vandenberg Air Force Base in California. The container protected the spacecraft on its journey from Campos, Brazil, aboard a U.S. Air Force C-17 transport plane. Following final tests, the spacecraft will be integrated to a United Launch Alliance Delta II rocket in preparation for the targeted June launch to low Earth orbit.        Aquarius, the NASA-built primary instrument on the SAC-D spacecraft, will map global changes in salinity at the ocean's surface. Salinity is a key measurement for understanding how changes in rainfall, evaporation and the melting of freezing of ice influence ocean circulation and are linked to variations in Earth's climate. The three-year mission will provide new insights into how variations in ocean surface salinity relate to these fundamental climate processes. Photo credit: NASA/Randy Beaudoin, VAFB",KSC-2011-2727,"[{'href': 'https://images-assets.nasa.gov/image/KSC-2011-2727/KSC-2011-2727~medium.jpg', 'rel': 'alternate', 'render': 'image', 'width': 1280, 'size': 176000, 'height': 850}, {'href': 'https://images-assets.nasa.gov/image/KSC-2011-2727/KSC-2011-2727~small.jpg', 'rel': 'alternate', 'render': 'image', 'width': 640, 'size': 55000, 'height': 425}, {'href': 'https://images-assets.nasa.gov/image/KSC-2011-2727/KSC-2011-2727~thumb.jpg', 'rel': 'preview', 'render': 'image', 'width': 640, 'size': 55000, 'height': 425}, {'href': 'https://images-assets.nasa.gov/image/KSC-2011-2727/KSC-2011-2727~large.jpg', 'rel': 'alternate', 'render': 'image', 'width': 1920, 'size': 350000, 'height': 1275}, {'href': 'https://images-assets.nasa.gov/image/KSC-2011-2727/KSC-2011-2727~orig.jpg', 'rel': 'canonical', 'render': 'image', 'height': 1993, 'width': 3000, 'size': 1338000}]"
48,KSC-2011-2627,2011-03-30T00:00:00Z,"['ELV, Delta II, science, research, climate change, Earth mission']",image,"VANDENBERG AIR FORCE BASE, Calif. -- Workers at Vandenberg Air Force Base in California prepare to offload the Aquarius/SAC-D spacecraft from a U.S. Air Force C-17 transport plane. The aircraft traveled from Campos, Brazil. Following final tests, the spacecraft will be integrated to a United Launch Alliance Delta II rocket in preparation for the targeted June launch to low Earth orbit.    Aquarius, the NASA-built primary instrument on the SAC-D spacecraft, will map global changes in salinity at the ocean's surface. Salinity is a key measurement for understanding how changes in rainfall, evaporation and the melting of freezing of ice influence ocean circulation and are linked to variations in Earth's climate. The three-year mission will provide new insights into how variations in ocean surface salinity relate to these fundamental climate processes. Photo credit: VAFB/30th Space Wing",KSC-2011-2627,"[{'href': 'https://images-assets.nasa.gov/image/KSC-2011-2627/KSC-2011-2627~medium.jpg', 'rel': 'alternate', 'render': 'image', 'width': 1280, 'size': 48000, 'height': 856}, {'href': 'https://images-assets.nasa.gov/image/KSC-2011-2627/KSC-2011-2627~small.jpg', 'rel': 'alternate', 'render': 'image', 'width': 640, 'size': 16000, 'height': 428}, {'href': 'https://images-assets.nasa.gov/image/KSC-2011-2627/KSC-2011-2627~thumb.jpg', 'rel': 'preview', 'render': 'image', 'width': 640, 'size': 16000, 'height': 428}, {'href': 'https://images-assets.nasa.gov/image/KSC-2011-2627/KSC-2011-2627~large.jpg', 'rel': 'alternate', 'render': 'image', 'width': 1920, 'size': 105000, 'height': 1285}, {'href': 'https://images-assets.nasa.gov/image/KSC-2011-2627/KSC-2011-2627~orig.jpg', 'rel': 'canonical', 'render': 'image', 'height': 2008, 'width': 3000, 'size': 606000}]"
49,KSC-2011-2634,2011-03-30T00:00:00Z,"['ELV, Delta II, science, research, climate change, Earth mission']",image,"VANDENBERG AIR FORCE BASE, Calif. -- The Aquarius/SAC-D spacecraft is transported to the Spaceport Systems International payload processing facility at Vandenberg Air Force Base in California.  Earlier, a U.S. Air Force C-17 transport plane delivered the spacecraft from Campos, Brazil. Following final tests, the spacecraft will be integrated to a United Launch Alliance Delta II rocket in preparation for the targeted June launch to low Earth orbit.          Aquarius, the NASA-built primary instrument on the SAC-D spacecraft, will map global changes in salinity at the ocean's surface. Salinity is a key measurement for understanding how changes in rainfall, evaporation and the melting of freezing of ice influence ocean circulation and are linked to variations in Earth's climate. The three-year mission will provide new insights into how variations in ocean surface salinity relate to these fundamental climate processes. Photo credit: VAFB/30th Space Wing",KSC-2011-2634,"[{'href': 'https://images-assets.nasa.gov/image/KSC-2011-2634/KSC-2011-2634~medium.jpg', 'rel': 'alternate', 'render': 'image', 'width': 1280, 'size': 137000, 'height': 856}, {'href': 'https://images-assets.nasa.gov/image/KSC-2011-2634/KSC-2011-2634~small.jpg', 'rel': 'alternate', 'render': 'image', 'width': 640, 'size': 41000, 'height': 428}, {'href': 'https://images-assets.nasa.gov/image/KSC-2011-2634/KSC-2011-2634~thumb.jpg', 'rel': 'preview', 'render': 'image', 'width': 640, 'size': 41000, 'height': 428}, {'href': 'https://images-assets.nasa.gov/image/KSC-2011-2634/KSC-2011-2634~large.jpg', 'rel': 'alternate', 'render': 'image', 'width': 1920, 'size': 278000, 'height': 1285}, {'href': 'https://images-assets.nasa.gov/image/KSC-2011-2634/KSC-2011-2634~orig.jpg', 'rel': 'canonical', 'render': 'image', 'height': 2008, 'width': 3000, 'size': 1083000}]"
50,KSC-2011-2628,2011-03-30T00:00:00Z,"['ELV, Delta II, science, research, climate change, Earth mission']",image,"VANDENBERG AIR FORCE BASE, Calif. -- The Aquarius/SAC-D spacecraft is offloaded from a U.S. Air Force C-17 transport at Vandenberg Air Force Base in California. The aircraft traveled from Campos, Brazil. Following final tests, the spacecraft will be integrated to a United Launch Alliance Delta II rocket in preparation for the targeted June launch to low Earth orbit.        Aquarius, the NASA-built primary instrument on the SAC-D spacecraft, will map global changes in salinity at the ocean's surface. Salinity is a key measurement for understanding how changes in rainfall, evaporation and the melting of freezing of ice influence ocean circulation and are linked to variations in Earth's climate. The three-year mission will provide new insights into how variations in ocean surface salinity relate to these fundamental climate processes. Photo credit: VAFB/30th Space Wing",KSC-2011-2628,"[{'href': 'https://images-assets.nasa.gov/image/KSC-2011-2628/KSC-2011-2628~medium.jpg', 'rel': 'alternate', 'render': 'image', 'width': 1280, 'size': 129000, 'height': 856}, {'href': 'https://images-assets.nasa.gov/image/KSC-2011-2628/KSC-2011-2628~small.jpg', 'rel': 'alternate', 'render': 'image', 'width': 640, 'size': 42000, 'height': 428}, {'href': 'https://images-assets.nasa.gov/image/KSC-2011-2628/KSC-2011-2628~thumb.jpg', 'rel': 'preview', 'render': 'image', 'width': 640, 'size': 42000, 'height': 428}, {'href': 'https://images-assets.nasa.gov/image/KSC-2011-2628/KSC-2011-2628~large.jpg', 'rel': 'alternate', 'render': 'image', 'width': 1920, 'size': 253000, 'height': 1285}, {'href': 'https://images-assets.nasa.gov/image/KSC-2011-2628/KSC-2011-2628~orig.jpg', 'rel': 'canonical', 'render': 'image', 'height': 2008, 'width': 3000, 'size': 942000}]"
51,KSC-2011-2636,2011-03-30T00:00:00Z,"['ELV, Delta II, science, research, climate change, Earth mission']",image,"VANDENBERG AIR FORCE BASE, Calif. -- The Aquarius/SAC-D spacecraft enters the Spaceport Systems International payload processing facility at Vandenberg Air Force Base in California.  Earlier, a U.S. Air Force C-17 transport plane delivered the spacecraft from Campos, Brazil. Following final tests, the spacecraft will be integrated to a United Launch Alliance Delta II rocket in preparation for the targeted June launch to low Earth orbit.      Aquarius, the NASA-built primary instrument on the SAC-D spacecraft, will map global changes in salinity at the ocean's surface. Salinity is a key measurement for understanding how changes in rainfall, evaporation and the melting of freezing of ice influence ocean circulation and are linked to variations in Earth's climate. The three-year mission will provide new insights into how variations in ocean surface salinity relate to these fundamental climate processes. Photo credit: VAFB/30th Space Wing",KSC-2011-2636,"[{'href': 'https://images-assets.nasa.gov/image/KSC-2011-2636/KSC-2011-2636~medium.jpg', 'rel': 'alternate', 'render': 'image', 'width': 1280, 'size': 118000, 'height': 856}, {'href': 'https://images-assets.nasa.gov/image/KSC-2011-2636/KSC-2011-2636~small.jpg', 'rel': 'alternate', 'render': 'image', 'width': 640, 'size': 39000, 'height': 428}, {'href': 'https://images-assets.nasa.gov/image/KSC-2011-2636/KSC-2011-2636~thumb.jpg', 'rel': 'preview', 'render': 'image', 'width': 640, 'size': 39000, 'height': 428}, {'href': 'https://images-assets.nasa.gov/image/KSC-2011-2636/KSC-2011-2636~large.jpg', 'rel': 'alternate', 'render': 'image', 'width': 1920, 'size': 227000, 'height': 1285}, {'href': 'https://images-assets.nasa.gov/image/KSC-2011-2636/KSC-2011-2636~orig.jpg', 'rel': 'canonical', 'render': 'image', 'height': 2008, 'width': 3000, 'size': 847000}]"
52,KSC-2011-2632,2011-03-30T00:00:00Z,"['ELV, Delta II, science, research, climate change, Earth mission']",image,"VANDENBERG AIR FORCE BASE, Calif. -- The Aquarius/SAC-D spacecraft is transported to the Spaceport Systems International processing facility at Vandenberg Air Force Base in California.  Earlier, a U.S. Air Force C-17 transport plane delivered the spacecraft from Campos, Brazil. Following final tests, the spacecraft will be integrated to a United Launch Alliance Delta II rocket in preparation for the targeted June launch to low Earth orbit.    Aquarius, the NASA-built primary instrument on the SAC-D spacecraft, will map global changes in salinity at the ocean's surface. Salinity is a key measurement for understanding how changes in rainfall, evaporation and the melting of freezing of ice influence ocean circulation and are linked to variations in Earth's climate. The three-year mission will provide new insights into how variations in ocean surface salinity relate to these fundamental climate processes. Photo credit: VAFB/30th Space Wing",KSC-2011-2632,"[{'href': 'https://images-assets.nasa.gov/image/KSC-2011-2632/KSC-2011-2632~medium.jpg', 'rel': 'alternate', 'render': 'image', 'width': 1280, 'size': 125000, 'height': 856}, {'href': 'https://images-assets.nasa.gov/image/KSC-2011-2632/KSC-2011-2632~small.jpg', 'rel': 'alternate', 'render': 'image', 'width': 640, 'size': 40000, 'height': 428}, {'href': 'https://images-assets.nasa.gov/image/KSC-2011-2632/KSC-2011-2632~thumb.jpg', 'rel': 'preview', 'render': 'image', 'width': 640, 'size': 40000, 'height': 428}, {'href': 'https://images-assets.nasa.gov/image/KSC-2011-2632/KSC-2011-2632~large.jpg', 'rel': 'alternate', 'render': 'image', 'width': 1920, 'size': 245000, 'height': 1285}, {'href': 'https://images-assets.nasa.gov/image/KSC-2011-2632/KSC-2011-2632~orig.jpg', 'rel': 'canonical', 'render': 'image', 'height': 2008, 'width': 3000, 'size': 907000}]"
53,KSC-2011-2625,2011-03-30T00:00:00Z,"['ELV, Delta II, science, research, climate change, Earth mission']",image,"VANDENBERG AIR FORCE BASE, Calif. -- Workers at Vandenberg Air Force Base in California snap photos of the U.S. Air Force C-17 transport plane carrying the Aquarius/SAC-D spacecraft. The aircraft traveled from Campos, Brazil. Following final tests, the spacecraft will be integrated to a United Launch Alliance Delta II rocket in preparation for the targeted June launch to low Earth orbit.        Aquarius, the NASA-built primary instrument on the SAC-D spacecraft, will map global changes in salinity at the ocean's surface. Salinity is a key measurement for understanding how changes in rainfall, evaporation and the melting of freezing of ice influence ocean circulation and are linked to variations in Earth's climate. The three-year mission will provide new insights into how variations in ocean surface salinity relate to these fundamental climate processes. Photo credit: VAFB/30th Space Wing",KSC-2011-2625,"[{'href': 'https://images-assets.nasa.gov/image/KSC-2011-2625/KSC-2011-2625~medium.jpg', 'rel': 'alternate', 'render': 'image', 'width': 1280, 'size': 88000, 'height': 856}, {'href': 'https://images-assets.nasa.gov/image/KSC-2011-2625/KSC-2011-2625~small.jpg', 'rel': 'alternate', 'render': 'image', 'width': 640, 'size': 27000, 'height': 428}, {'href': 'https://images-assets.nasa.gov/image/KSC-2011-2625/KSC-2011-2625~thumb.jpg', 'rel': 'preview', 'render': 'image', 'width': 640, 'size': 27000, 'height': 428}, {'href': 'https://images-assets.nasa.gov/image/KSC-2011-2625/KSC-2011-2625~large.jpg', 'rel': 'alternate', 'render': 'image', 'width': 1920, 'size': 177000, 'height': 1285}, {'href': 'https://images-assets.nasa.gov/image/KSC-2011-2625/KSC-2011-2625~orig.jpg', 'rel': 'canonical', 'render': 'image', 'height': 2008, 'width': 3000, 'size': 724000}]"
54,KSC-2011-2725,2011-04-01T00:00:00Z,"['ELV, Delta II, science, research, climate change, Earth mission']",image,"VANDENBERG AIR FORCE BASE, Calif. -- Technicians begin to unpack and unveil the Aquarius/SAC-D spacecraft in the Spaceport Systems International payload processing facility at Vandenberg Air Force Base in California. The container protected the spacecraft on its journey from Campos, Brazil, aboard a U.S. Air Force C-17 transport plane. Following final tests, the spacecraft will be integrated to a United Launch Alliance Delta II rocket in preparation for the targeted June launch to low Earth orbit.        Aquarius, the NASA-built primary instrument on the SAC-D spacecraft, will map global changes in salinity at the ocean's surface. Salinity is a key measurement for understanding how changes in rainfall, evaporation and the melting of freezing of ice influence ocean circulation and are linked to variations in Earth's climate. The three-year mission will provide new insights into how variations in ocean surface salinity relate to these fundamental climate processes. Photo credit: NASA/Randy Beaudoin, VAFB",KSC-2011-2725,"[{'href': 'https://images-assets.nasa.gov/image/KSC-2011-2725/KSC-2011-2725~medium.jpg', 'rel': 'alternate', 'render': 'image', 'width': 1280, 'size': 143000, 'height': 850}, {'href': 'https://images-assets.nasa.gov/image/KSC-2011-2725/KSC-2011-2725~small.jpg', 'rel': 'alternate', 'render': 'image', 'width': 640, 'size': 47000, 'height': 425}, {'href': 'https://images-assets.nasa.gov/image/KSC-2011-2725/KSC-2011-2725~thumb.jpg', 'rel': 'preview', 'render': 'image', 'width': 640, 'size': 47000, 'height': 425}, {'href': 'https://images-assets.nasa.gov/image/KSC-2011-2725/KSC-2011-2725~large.jpg', 'rel': 'alternate', 'render': 'image', 'width': 1920, 'size': 277000, 'height': 1275}, {'href': 'https://images-assets.nasa.gov/image/KSC-2011-2725/KSC-2011-2725~orig.jpg', 'rel': 'canonical', 'render': 'image', 'height': 1993, 'width': 3000, 'size': 1092000}]"
55,KSC-2011-2631,2011-03-30T00:00:00Z,"['ELV, Delta II, science, research, climate change, Earth mission']",image,"VANDENBERG AIR FORCE BASE, Calif. -- The Aquarius/SAC-D spacecraft is transported to the Spaceport Systems International processing facility at Vandenberg Air Force Base in California.  Earlier, a U.S. Air Force C-17 transport plane delivered the spacecraft from Campos, Brazil. Following final tests, the spacecraft will be integrated to a United Launch Alliance Delta II rocket in preparation for the targeted June launch to low Earth orbit.      Aquarius, the NASA-built primary instrument on the SAC-D spacecraft, will map global changes in salinity at the ocean's surface. Salinity is a key measurement for understanding how changes in rainfall, evaporation and the melting of freezing of ice influence ocean circulation and are linked to variations in Earth's climate. The three-year mission will provide new insights into how variations in ocean surface salinity relate to these fundamental climate processes. Photo credit: VAFB/30th Space Wing",KSC-2011-2631,"[{'href': 'https://images-assets.nasa.gov/image/KSC-2011-2631/KSC-2011-2631~medium.jpg', 'rel': 'alternate', 'render': 'image', 'width': 1280, 'size': 118000, 'height': 856}, {'href': 'https://images-assets.nasa.gov/image/KSC-2011-2631/KSC-2011-2631~small.jpg', 'rel': 'alternate', 'render': 'image', 'width': 640, 'size': 34000, 'height': 428}, {'href': 'https://images-assets.nasa.gov/image/KSC-2011-2631/KSC-2011-2631~thumb.jpg', 'rel': 'preview', 'render': 'image', 'width': 640, 'size': 34000, 'height': 428}, {'href': 'https://images-assets.nasa.gov/image/KSC-2011-2631/KSC-2011-2631~large.jpg', 'rel': 'alternate', 'render': 'image', 'width': 1920, 'size': 254000, 'height': 1285}, {'href': 'https://images-assets.nasa.gov/image/KSC-2011-2631/KSC-2011-2631~orig.jpg', 'rel': 'canonical', 'render': 'image', 'height': 2008, 'width': 3000, 'size': 1080000}]"
56,KSC-2011-2630,2011-03-30T00:00:00Z,"['ELV, Delta II, science, research, climate change, Earth mission']",image,"VANDENBERG AIR FORCE BASE, Calif. -- The Aquarius/SAC-D spacecraft is offloaded from a U.S. Air Force C-17 transport at Vandenberg Air Force Base in California. The aircraft traveled from Campos, Brazil. Following final tests, the spacecraft will be integrated to a United Launch Alliance Delta II rocket in preparation for the targeted June launch to low Earth orbit.        Aquarius, the NASA-built primary instrument on the SAC-D spacecraft, will map global changes in salinity at the ocean's surface. Salinity is a key measurement for understanding how changes in rainfall, evaporation and the melting of freezing of ice influence ocean circulation and are linked to variations in Earth's climate. The three-year mission will provide new insights into how variations in ocean surface salinity relate to these fundamental climate processes. Photo credit: VAFB/30th Space Wing",KSC-2011-2630,"[{'href': 'https://images-assets.nasa.gov/image/KSC-2011-2630/KSC-2011-2630~medium.jpg', 'rel': 'alternate', 'render': 'image', 'width': 1280, 'size': 116000, 'height': 856}, {'href': 'https://images-assets.nasa.gov/image/KSC-2011-2630/KSC-2011-2630~small.jpg', 'rel': 'alternate', 'render': 'image', 'width': 640, 'size': 32000, 'height': 428}, {'href': 'https://images-assets.nasa.gov/image/KSC-2011-2630/KSC-2011-2630~thumb.jpg', 'rel': 'preview', 'render': 'image', 'width': 640, 'size': 32000, 'height': 428}, {'href': 'https://images-assets.nasa.gov/image/KSC-2011-2630/KSC-2011-2630~large.jpg', 'rel': 'alternate', 'render': 'image', 'width': 1920, 'size': 253000, 'height': 1285}, {'href': 'https://images-assets.nasa.gov/image/KSC-2011-2630/KSC-2011-2630~orig.jpg', 'rel': 'canonical', 'render': 'image', 'height': 2008, 'width': 3000, 'size': 1085000}]"
57,KSC-2011-2623,2011-03-30T00:00:00Z,"['ELV, Delta II, science, research, climate change, Earth mission']",image,"VANDENBERG AIR FORCE BASE, Calif. -- The Aquarius/SAC-D spacecraft arrives at Vandenberg Air Force Base in California from Campos, Brazil, aboard a U.S. Air Force C-17 transport plane. Following final tests, the spacecraft will be integrated to a United Launch Alliance Delta II rocket in preparation for the targeted June launch to low Earth orbit.            Aquarius, the NASA-built primary instrument on the SAC-D spacecraft, will map global changes in salinity at the ocean's surface. Salinity is a key measurement for understanding how changes in rainfall, evaporation and the melting of freezing of ice influence ocean circulation and are linked to variations in Earth's climate. The three-year mission will provide new insights into how variations in ocean surface salinity relate to these fundamental climate processes. Photo credit: VAFB/30th Space Wing",KSC-2011-2623,"[{'href': 'https://images-assets.nasa.gov/image/KSC-2011-2623/KSC-2011-2623~medium.jpg', 'rel': 'alternate', 'render': 'image', 'width': 1280, 'size': 72000, 'height': 856}, {'href': 'https://images-assets.nasa.gov/image/KSC-2011-2623/KSC-2011-2623~small.jpg', 'rel': 'alternate', 'render': 'image', 'width': 640, 'size': 22000, 'height': 428}, {'href': 'https://images-assets.nasa.gov/image/KSC-2011-2623/KSC-2011-2623~thumb.jpg', 'rel': 'preview', 'render': 'image', 'width': 640, 'size': 22000, 'height': 428}, {'href': 'https://images-assets.nasa.gov/image/KSC-2011-2623/KSC-2011-2623~large.jpg', 'rel': 'alternate', 'render': 'image', 'width': 1920, 'size': 146000, 'height': 1285}, {'href': 'https://images-assets.nasa.gov/image/KSC-2011-2623/KSC-2011-2623~orig.jpg', 'rel': 'canonical', 'render': 'image', 'height': 2008, 'width': 3000, 'size': 652000}]"
58,Landsat Observes Barrier Islands,2011-05-26T00:00:00Z,"['Landsat', 'Islands', 'Sea Level Rise', 'Climate Change', 'Earth']",video,"A survey of barrier islands published in 2011 in the Journal of Coastal Research offers the most thorough assessment to date of the thousands of small islands that hug the coasts of the world's landmasses. The study, led by Matthew Stutz of Meredith College and Orrin Pilkey of Duke University, raises new questions about how the unique islands form and evolve over time - and how they may fare as the climate changes and sea level rises. It was based on a global collection of satellite images as well as information from topographic and navigational charts. Landsat 7 acquired the images around 2000, but a private company mosaicked them as part of an effort funded by NASA and the United States Geological Survey.",GSFC_20110526_Barrier_m10774_Islands,"[{'href': 'https://images-assets.nasa.gov/video/GSFC_20110526_Barrier_m10774_Islands/GSFC_20110526_Barrier_m10774_Islands~large.jpg', 'rel': 'alternate', 'render': 'image', 'width': 800, 'size': 31000, 'height': 450}, {'href': 'https://images-assets.nasa.gov/video/GSFC_20110526_Barrier_m10774_Islands/GSFC_20110526_Barrier_m10774_Islands~medium.jpg', 'rel': 'alternate', 'render': 'image', 'width': 400, 'size': 12000, 'height': 225}, {'href': 'https://images-assets.nasa.gov/video/GSFC_20110526_Barrier_m10774_Islands/GSFC_20110526_Barrier_m10774_Islands~small.jpg', 'rel': 'alternate', 'render': 'image', 'width': 200, 'size': 3000, 'height': 112}, {'href': 'https://images-assets.nasa.gov/video/GSFC_20110526_Barrier_m10774_Islands/GSFC_20110526_Barrier_m10774_Islands~thumb.jpg', 'rel': 'preview', 'render': 'image', 'width': 300, 'size': 6600, 'height': 168}, {'href': 'https://images-assets.nasa.gov/video/GSFC_20110526_Barrier_m10774_Islands/GSFC_20110526_Barrier_m10774_Islands.vtt', 'rel': 'captions'}]"
59,Planetary Scientist Profile: Emily Wilson,2013-09-16T00:00:00Z,"['Atmospheric Science', 'Aerosols', 'Climate Change', 'Greenhouse Gases', 'Earth', 'mini-LHR', 'AERONET', 'Aerosols Optical Depth']",video,"NASA scientist Emily Wilson discusses her work developing miniaturized instruments that measure greenhouse gases in the atmosphere. Her latest instrument, the mini-LHR, works in tandem with AERONET, and will contribute to the global effort to better understand climate change.",GSFC_20130916_EmilyWilson_m11359_Profile,"[{'href': 'https://images-assets.nasa.gov/video/GSFC_20130916_EmilyWilson_m11359_Profile/GSFC_20130916_EmilyWilson_m11359_Profile~large.jpg', 'rel': 'alternate', 'render': 'image', 'width': 800, 'size': 35000, 'height': 450}, {'href': 'https://images-assets.nasa.gov/video/GSFC_20130916_EmilyWilson_m11359_Profile/GSFC_20130916_EmilyWilson_m11359_Profile~medium.jpg', 'rel': 'alternate', 'render': 'image', 'width': 400, 'size': 16000, 'height': 225}, {'href': 'https://images-assets.nasa.gov/video/GSFC_20130916_EmilyWilson_m11359_Profile/GSFC_20130916_EmilyWilson_m11359_Profile~small.jpg', 'rel': 'alternate', 'render': 'image', 'width': 200, 'size': 6100, 'height': 112}, {'href': 'https://images-assets.nasa.gov/video/GSFC_20130916_EmilyWilson_m11359_Profile/GSFC_20130916_EmilyWilson_m11359_Profile~thumb.jpg', 'rel': 'preview', 'render': 'image', 'width': 300, 'size': 11000, 'height': 168}, {'href': 'https://images-assets.nasa.gov/video/GSFC_20130916_EmilyWilson_m11359_Profile/GSFC_20130916_EmilyWilson_m11359_Profile.srt', 'rel': 'captions'}]"
60,Details of Arctic Greening in North America,2016-06-02T00:00:00Z,"['NDVI', 'Arctic', 'Climate Change', 'Vegetation Growth', 'Earth']",video,"The northern reaches of North America are getting greener, according to a NASA study that provides the most detailed look yet at plant life across Alaska and Canada. In a changing climate, almost a third of the land cover – much of it Arctic tundra – is looking more like landscapes found in warmer ecosystems. With 87,000 images taken from Landsat satellites, converted into data that reflects the amount of healthy vegetation on the ground, the researchers found that western Alaska, Quebec and other regions became greener between 1984 and 2012. The new Landsat study further supports previous work that has shown changing vegetation in Arctic and boreal North America. Earlier studies showed increased vegetation was connected to increasing global carbon dioxide and increasing global temperatures.   Previous surveys of the vegetation across Alaska and Canada had taken a big-picture view of the region using coarse-resolution satellite sensors. To get a more detailed picture of the 4.1 million square-mile area, scientists used the NASA/USGS Landsat 5 and Landsat 7 satellites, which take a measurement for each 30-by-30 meter (98-by-98 foot) parcel of land.  Using the detailed Landsat data, NASA scientists found that there was extensive greening in the tundra of western Alaska, the northern coast of Canada, and the tundra of Quebec and Labrador. While northern forests greened in Canada, they tended to decline in Alaska. Overall, the scientists found that 29.4 percent of the region greened up, especially in shrublands and sparsely vegetated areas, while 2.9 percent showed vegetation decline.  With the large, continental-scale map complete, researchers will focus on the more human scale – looking at local conditions to see what might control the greening patterns, whether it’s local topography, nearby water sources, or particular types of habitat. They also plan to investigate forested areas, particularly in the greening Quebec.",GSFC_20160602_Arctic_m12225_Greening,"[{'href': 'https://images-assets.nasa.gov/video/GSFC_20160602_Arctic_m12225_Greening/GSFC_20160602_Arctic_m12225_Greening~large.jpg', 'rel': 'alternate', 'render': 'image', 'width': 800, 'size': 57000, 'height': 450}, {'href': 'https://images-assets.nasa.gov/video/GSFC_20160602_Arctic_m12225_Greening/GSFC_20160602_Arctic_m12225_Greening~medium.jpg', 'rel': 'alternate', 'render': 'image', 'width': 400, 'size': 21000, 'height': 225}, {'href': 'https://images-assets.nasa.gov/video/GSFC_20160602_Arctic_m12225_Greening/GSFC_20160602_Arctic_m12225_Greening~small.jpg', 'rel': 'alternate', 'render': 'image', 'width': 200, 'size': 8200, 'height': 112}, {'href': 'https://images-assets.nasa.gov/video/GSFC_20160602_Arctic_m12225_Greening/GSFC_20160602_Arctic_m12225_Greening~thumb.jpg', 'rel': 'preview', 'render': 'image', 'width': 300, 'size': 15000, 'height': 168}, {'href': 'https://images-assets.nasa.gov/video/GSFC_20160602_Arctic_m12225_Greening/GSFC_20160602_Arctic_m12225_Greening.vtt', 'rel': 'captions'}]"
61,KSC-2011-2195,2011-03-09T00:00:00Z,"['ELV, Delta II, science, research, climate change, Earth mission']",image,"VANDENBERG AIR FORCE BASE, Calif. --At Vandenberg Air Force Base in California, a crane raises one of three United Launch Alliance Delta II solid rocket motors on the pad at Space Launch Complex-2 West (SLC-2W). Scheduled to launch in June, the Delta II rocket will carry NASA's Aquarius satellite into low Earth orbit.    Aquarius' mission will be to provide monthly maps of global changes in sea surface salinity. By measuring ocean salinity from space, Aquarius will provide new insights into how the massive natural exchange of freshwater between the ocean, atmosphere and sea ice influences ocean circulation, weather and climate. Also going up with the satellite are optical and thermal cameras, a microwave radiometer and the SAC-D spacecraft, which were developed with the help of institutions in Italy, France, Canada and Argentina. Photo credit: VAFB/30th Space Wing",KSC-2011-2195,"[{'href': 'https://images-assets.nasa.gov/image/KSC-2011-2195/KSC-2011-2195~orig.jpg', 'rel': 'canonical', 'render': 'image', 'height': 3000, 'width': 2008, 'size': 919000}]"
62,KSC-2011-2191,2011-03-09T00:00:00Z,"['ELV, Delta II, science, research, climate change, Earth mission']",image,"VANDENBERG AIR FORCE BASE, Calif. --As the sun rises over Vandenberg Air Force Base in California, a crane begins to raise one of three United Launch Alliance Delta II solid rocket motors on the pad at Space Launch Complex-2 West (SLC-2W). Scheduled to launch in June, the Delta II rocket will carry NASA's Aquarius satellite into low Earth orbit.    Aquarius' mission will be to provide monthly maps of global changes in sea surface salinity. By measuring ocean salinity from space, Aquarius will provide new insights into how the massive natural exchange of freshwater between the ocean, atmosphere and sea ice influences ocean circulation, weather and climate. Also going up with the satellite are optical and thermal cameras, a microwave radiometer and the SAC-D spacecraft, which were developed with the help of institutions in Italy, France, Canada and Argentina. Photo credit: VAFB/30th Space Wing",KSC-2011-2191,"[{'href': 'https://images-assets.nasa.gov/image/KSC-2011-2191/KSC-2011-2191~medium.jpg', 'rel': 'alternate', 'render': 'image', 'width': 1280, 'size': 171000, 'height': 856}, {'href': 'https://images-assets.nasa.gov/image/KSC-2011-2191/KSC-2011-2191~small.jpg', 'rel': 'alternate', 'render': 'image', 'width': 640, 'size': 56000, 'height': 428}, {'href': 'https://images-assets.nasa.gov/image/KSC-2011-2191/KSC-2011-2191~thumb.jpg', 'rel': 'preview', 'render': 'image', 'width': 640, 'size': 56000, 'height': 428}, {'href': 'https://images-assets.nasa.gov/image/KSC-2011-2191/KSC-2011-2191~large.jpg', 'rel': 'alternate', 'render': 'image', 'width': 1920, 'size': 333000, 'height': 1285}, {'href': 'https://images-assets.nasa.gov/image/KSC-2011-2191/KSC-2011-2191~orig.jpg', 'rel': 'canonical', 'render': 'image', 'height': 2008, 'width': 3000, 'size': 1230000}]"
63,KSC-2011-2449,2011-03-21T00:00:00Z,"['ELV, Delta II, science, research, climate change, Earth mission']",image,"VANDENBERG AIR FORCE BASE, Calif. -- United Space Alliance technicians prepare to move the Space Launch Complex-2 (SLC-2) service tower at Vandenberg Air Force Base in California. The move will allow technicians to hoist into position the second stage of the Delta II rocket that will carry NASA's Aquarius satellite into low Earth orbit.         Scheduled to launch in June, Aquarius' mission will be to provide monthly maps of global changes in sea surface salinity. By measuring ocean salinity from space, Aquarius will provide new insights into how the massive natural exchange of freshwater between the ocean, atmosphere and sea ice influences ocean circulation, weather and climate. Also going up with the satellite are optical and thermal cameras, a microwave radiometer and the SAC-D spacecraft, which were developed with the help of institutions in Italy, France, Canada and Argentina. Photo credit: VAFB/30th Space Wing",KSC-2011-2449,"[{'href': 'https://images-assets.nasa.gov/image/KSC-2011-2449/KSC-2011-2449~medium.jpg', 'rel': 'alternate', 'render': 'image', 'width': 856, 'size': 192000, 'height': 1280}, {'href': 'https://images-assets.nasa.gov/image/KSC-2011-2449/KSC-2011-2449~small.jpg', 'rel': 'alternate', 'render': 'image', 'width': 428, 'size': 63000, 'height': 640}, {'href': 'https://images-assets.nasa.gov/image/KSC-2011-2449/KSC-2011-2449~thumb.jpg', 'rel': 'preview', 'render': 'image', 'width': 428, 'size': 63000, 'height': 640}, {'href': 'https://images-assets.nasa.gov/image/KSC-2011-2449/KSC-2011-2449~large.jpg', 'rel': 'alternate', 'render': 'image', 'width': 1285, 'size': 358000, 'height': 1920}, {'href': 'https://images-assets.nasa.gov/image/KSC-2011-2449/KSC-2011-2449~orig.jpg', 'rel': 'canonical', 'render': 'image', 'height': 3000, 'width': 2008, 'size': 1175000}]"
64,KSC-2011-2456,2011-03-21T00:00:00Z,"['ELV, Delta II, science, research, climate change, Earth mission']",image,"VANDENBERG AIR FORCE BASE, Calif.  -- With the Space Launch Complex-2 (SLC-2) service tower at Vandenberg Air Force Base in California back in place, United Space Alliance technicians complete the installation of the second stage of a Delta II rocket to the first stage. The rocket is being prepared to launch NASA's Aquarius satellite into low Earth orbit.      Scheduled to launch in June, Aquarius' mission will be to provide monthly maps of global changes in sea surface salinity. By measuring ocean salinity from space, Aquarius will provide new insights into how the massive natural exchange of freshwater between the ocean, atmosphere and sea ice influences ocean circulation, weather and climate. Also going up with the satellite are optical and thermal cameras, a microwave radiometer and the SAC-D spacecraft, which were developed with the help of institutions in Italy, France, Canada and Argentina. Photo credit: VAFB/30th Space Wing",KSC-2011-2456,"[{'href': 'https://images-assets.nasa.gov/image/KSC-2011-2456/KSC-2011-2456~medium.jpg', 'rel': 'alternate', 'render': 'image', 'width': 1280, 'size': 207000, 'height': 856}, {'href': 'https://images-assets.nasa.gov/image/KSC-2011-2456/KSC-2011-2456~small.jpg', 'rel': 'alternate', 'render': 'image', 'width': 640, 'size': 63000, 'height': 428}, {'href': 'https://images-assets.nasa.gov/image/KSC-2011-2456/KSC-2011-2456~thumb.jpg', 'rel': 'preview', 'render': 'image', 'width': 640, 'size': 63000, 'height': 428}, {'href': 'https://images-assets.nasa.gov/image/KSC-2011-2456/KSC-2011-2456~large.jpg', 'rel': 'alternate', 'render': 'image', 'width': 1920, 'size': 398000, 'height': 1285}, {'href': 'https://images-assets.nasa.gov/image/KSC-2011-2456/KSC-2011-2456~orig.jpg', 'rel': 'canonical', 'render': 'image', 'height': 2008, 'width': 3000, 'size': 1309000}]"
65,KSC-2011-2193,2011-03-09T00:00:00Z,"['ELV, Delta II, science, research, climate change, Earth mission']",image,"VANDENBERG AIR FORCE BASE, Calif. --As the sun rises over Vandenberg Air Force Base in California, a crane raises one of three United Launch Alliance Delta II solid rocket motors on the pad at Space Launch Complex-2 West (SLC-2W). Scheduled to launch in June, the Delta II rocket will carry NASA's Aquarius satellite into low Earth orbit.    Aquarius' mission will be to provide monthly maps of global changes in sea surface salinity. By measuring ocean salinity from space, Aquarius will provide new insights into how the massive natural exchange of freshwater between the ocean, atmosphere and sea ice influences ocean circulation, weather and climate. Also going up with the satellite are optical and thermal cameras, a microwave radiometer and the SAC-D spacecraft, which were developed with the help of institutions in Italy, France, Canada and Argentina. Photo credit: VAFB/30th Space Wing",KSC-2011-2193,"[{'href': 'https://images-assets.nasa.gov/image/KSC-2011-2193/KSC-2011-2193~medium.jpg', 'rel': 'alternate', 'render': 'image', 'width': 856, 'size': 154000, 'height': 1280}, {'href': 'https://images-assets.nasa.gov/image/KSC-2011-2193/KSC-2011-2193~small.jpg', 'rel': 'alternate', 'render': 'image', 'width': 428, 'size': 50000, 'height': 640}, {'href': 'https://images-assets.nasa.gov/image/KSC-2011-2193/KSC-2011-2193~thumb.jpg', 'rel': 'preview', 'render': 'image', 'width': 428, 'size': 50000, 'height': 640}, {'href': 'https://images-assets.nasa.gov/image/KSC-2011-2193/KSC-2011-2193~large.jpg', 'rel': 'alternate', 'render': 'image', 'width': 1285, 'size': 292000, 'height': 1920}, {'href': 'https://images-assets.nasa.gov/image/KSC-2011-2193/KSC-2011-2193~orig.jpg', 'rel': 'canonical', 'render': 'image', 'height': 3000, 'width': 2008, 'size': 1043000}]"
66,KSC-2011-2194,2011-03-09T00:00:00Z,"['ELV, Delta II, science, research, climate change, Earth mission']",image,"VANDENBERG AIR FORCE BASE, Calif. --At Vandenberg Air Force Base in California, one of three United Space Alliance Delta II solid rocket motors is atop a tug for the move from the solid motor facility to Space Launch Complex-2 West (SLC-2W). Scheduled to launch in June, the Delta II rocket will carry NASA's Aquarius satellite into low Earth orbit.    Aquarius' mission will be to provide monthly maps of global changes in sea surface salinity. By measuring ocean salinity from space, Aquarius will provide new insights into how the massive natural exchange of freshwater between the ocean, atmosphere and sea ice influences ocean circulation, weather and climate. Also going up with the satellite are optical and thermal cameras, a microwave radiometer and the SAC-D spacecraft, which were developed with the help of institutions in Italy, France, Canada and Argentina. Photo credit: VAFB/30th Space Wing",KSC-2011-2194,"[{'href': 'https://images-assets.nasa.gov/image/KSC-2011-2194/KSC-2011-2194~medium.jpg', 'rel': 'alternate', 'render': 'image', 'width': 1280, 'size': 89000, 'height': 856}, {'href': 'https://images-assets.nasa.gov/image/KSC-2011-2194/KSC-2011-2194~small.jpg', 'rel': 'alternate', 'render': 'image', 'width': 640, 'size': 27000, 'height': 428}, {'href': 'https://images-assets.nasa.gov/image/KSC-2011-2194/KSC-2011-2194~thumb.jpg', 'rel': 'preview', 'render': 'image', 'width': 640, 'size': 27000, 'height': 428}, {'href': 'https://images-assets.nasa.gov/image/KSC-2011-2194/KSC-2011-2194~large.jpg', 'rel': 'alternate', 'render': 'image', 'width': 1920, 'size': 180000, 'height': 1285}, {'href': 'https://images-assets.nasa.gov/image/KSC-2011-2194/KSC-2011-2194~orig.jpg', 'rel': 'canonical', 'render': 'image', 'height': 2008, 'width': 3000, 'size': 725000}]"
67,KSC-2011-2451,2011-03-21T00:00:00Z,"['ELV, Delta II, science, research, climate change, Earth mission']",image,"VANDENBERG AIR FORCE BASE, Calif. -- United Space Alliance technicians prepare to hoist the second stage of a Delta II rocket into position in the Space Launch Complex-2 (SLC-2) service tower at Vandenberg Air Force Base in California. The rocket is being prepared to launch NASA's Aquarius satellite into low Earth orbit.    Scheduled to launch in June, Aquarius' mission will be to provide monthly maps of global changes in sea surface salinity. By measuring ocean salinity from space, Aquarius will provide new insights into how the massive natural exchange of freshwater between the ocean, atmosphere and sea ice influences ocean circulation, weather and climate. Also going up with the satellite are optical and thermal cameras, a microwave radiometer and the SAC-D spacecraft, which were developed with the help of institutions in Italy, France, Canada and Argentina. Photo credit: VAFB/30th Space Wing",KSC-2011-2451,"[{'href': 'https://images-assets.nasa.gov/image/KSC-2011-2451/KSC-2011-2451~medium.jpg', 'rel': 'alternate', 'render': 'image', 'width': 856, 'size': 151000, 'height': 1280}, {'href': 'https://images-assets.nasa.gov/image/KSC-2011-2451/KSC-2011-2451~small.jpg', 'rel': 'alternate', 'render': 'image', 'width': 428, 'size': 49000, 'height': 640}, {'href': 'https://images-assets.nasa.gov/image/KSC-2011-2451/KSC-2011-2451~thumb.jpg', 'rel': 'preview', 'render': 'image', 'width': 428, 'size': 49000, 'height': 640}, {'href': 'https://images-assets.nasa.gov/image/KSC-2011-2451/KSC-2011-2451~large.jpg', 'rel': 'alternate', 'render': 'image', 'width': 1285, 'size': 290000, 'height': 1920}, {'href': 'https://images-assets.nasa.gov/image/KSC-2011-2451/KSC-2011-2451~orig.jpg', 'rel': 'canonical', 'render': 'image', 'height': 3000, 'width': 2008, 'size': 1014000}]"
68,KSC-2011-2454,2011-03-21T00:00:00Z,"['ELV, Delta II, science, research, climate change, Earth mission']",image,"VANDENBERG AIR FORCE BASE, Calif.  -- With the Space Launch Complex-2 (SLC-2) service tower at Vandenberg Air Force Base in California back in place, United Space Alliance technicians lower the second stage of a Delta II rocket into position over the first stage. The rocket is being prepared to launch NASA's Aquarius satellite into low Earth orbit.    Scheduled to launch in June, Aquarius' mission will be to provide monthly maps of global changes in sea surface salinity. By measuring ocean salinity from space, Aquarius will provide new insights into how the massive natural exchange of freshwater between the ocean, atmosphere and sea ice influences ocean circulation, weather and climate. Also going up with the satellite are optical and thermal cameras, a microwave radiometer and the SAC-D spacecraft, which were developed with the help of institutions in Italy, France, Canada and Argentina. Photo credit: VAFB/30th Space Wing",KSC-2011-2454,"[{'href': 'https://images-assets.nasa.gov/image/KSC-2011-2454/KSC-2011-2454~medium.jpg', 'rel': 'alternate', 'render': 'image', 'width': 856, 'size': 176000, 'height': 1280}, {'href': 'https://images-assets.nasa.gov/image/KSC-2011-2454/KSC-2011-2454~small.jpg', 'rel': 'alternate', 'render': 'image', 'width': 428, 'size': 58000, 'height': 640}, {'href': 'https://images-assets.nasa.gov/image/KSC-2011-2454/KSC-2011-2454~thumb.jpg', 'rel': 'preview', 'render': 'image', 'width': 428, 'size': 58000, 'height': 640}, {'href': 'https://images-assets.nasa.gov/image/KSC-2011-2454/KSC-2011-2454~large.jpg', 'rel': 'alternate', 'render': 'image', 'width': 1285, 'size': 328000, 'height': 1920}, {'href': 'https://images-assets.nasa.gov/image/KSC-2011-2454/KSC-2011-2454~orig.jpg', 'rel': 'canonical', 'render': 'image', 'height': 3000, 'width': 2008, 'size': 1102000}]"
69,KSC-2011-2189,2011-03-09T00:00:00Z,"['ELV, Delta II, science, research, climate change, Earth mission']",image,"VANDENBERG AIR FORCE BASE, Calif. --As the sun rises over Vandenberg Air Force Base in California, United Launch Alliance technicians prepare to raise one of three Delta II solid rocket motors on the pad at Space Launch Complex-2 West (SLC-2W). Scheduled to launch in June, the Delta II rocket will carry NASA's Aquarius satellite into low Earth orbit.    Aquarius' mission will be to provide monthly maps of global changes in sea surface salinity. By measuring ocean salinity from space, Aquarius will provide new insights into how the massive natural exchange of freshwater between the ocean, atmosphere and sea ice influences ocean circulation, weather and climate. Also going up with the satellite are optical and thermal cameras, a microwave radiometer and the SAC-D spacecraft, which were developed with the help of institutions in Italy, France, Canada and Argentina. Photo credit: VAFB/30th Space Wing",KSC-2011-2189,"[{'href': 'https://images-assets.nasa.gov/image/KSC-2011-2189/KSC-2011-2189~medium.jpg', 'rel': 'alternate', 'render': 'image', 'width': 856, 'size': 114000, 'height': 1280}, {'href': 'https://images-assets.nasa.gov/image/KSC-2011-2189/KSC-2011-2189~small.jpg', 'rel': 'alternate', 'render': 'image', 'width': 428, 'size': 39000, 'height': 640}, {'href': 'https://images-assets.nasa.gov/image/KSC-2011-2189/KSC-2011-2189~thumb.jpg', 'rel': 'preview', 'render': 'image', 'width': 428, 'size': 39000, 'height': 640}, {'href': 'https://images-assets.nasa.gov/image/KSC-2011-2189/KSC-2011-2189~large.jpg', 'rel': 'alternate', 'render': 'image', 'width': 1285, 'size': 217000, 'height': 1920}, {'href': 'https://images-assets.nasa.gov/image/KSC-2011-2189/KSC-2011-2189~orig.jpg', 'rel': 'canonical', 'render': 'image', 'height': 3000, 'width': 2008, 'size': 647000}]"
70,KSC-2011-2192,2011-03-09T00:00:00Z,"['ELV, Delta II, science, research, climate change, Earth mission']",image,"VANDENBERG AIR FORCE BASE, Calif. --As the sun rises over Vandenberg Air Force Base in California, a crane raises one of three United Launch Alliance Delta II solid rocket motors on the pad at Space Launch Complex-2 West (SLC-2W). Scheduled to launch in June, the Delta II rocket will carry NASA's Aquarius satellite into low Earth orbit.    Aquarius' mission will be to provide monthly maps of global changes in sea surface salinity. By measuring ocean salinity from space, Aquarius will provide new insights into how the massive natural exchange of freshwater between the ocean, atmosphere and sea ice influences ocean circulation, weather and climate. Also going up with the satellite are optical and thermal cameras, a microwave radiometer and the SAC-D spacecraft, which were developed with the help of institutions in Italy, France, Canada and Argentina. Photo credit: VAFB/30th Space Wing",KSC-2011-2192,"[{'href': 'https://images-assets.nasa.gov/image/KSC-2011-2192/KSC-2011-2192~medium.jpg', 'rel': 'alternate', 'render': 'image', 'width': 856, 'size': 162000, 'height': 1280}, {'href': 'https://images-assets.nasa.gov/image/KSC-2011-2192/KSC-2011-2192~small.jpg', 'rel': 'alternate', 'render': 'image', 'width': 428, 'size': 56000, 'height': 640}, {'href': 'https://images-assets.nasa.gov/image/KSC-2011-2192/KSC-2011-2192~thumb.jpg', 'rel': 'preview', 'render': 'image', 'width': 428, 'size': 56000, 'height': 640}, {'href': 'https://images-assets.nasa.gov/image/KSC-2011-2192/KSC-2011-2192~large.jpg', 'rel': 'alternate', 'render': 'image', 'width': 1285, 'size': 307000, 'height': 1920}, {'href': 'https://images-assets.nasa.gov/image/KSC-2011-2192/KSC-2011-2192~orig.jpg', 'rel': 'canonical', 'render': 'image', 'height': 3000, 'width': 2008, 'size': 1130000}]"
71,KSC-2011-2453,2011-03-21T00:00:00Z,"['ELV, Delta II, science, research, climate change, Earth mission']",image,"VANDENBERG AIR FORCE BASE, Calif.  -- United Space Alliance technicians hoist the second stage of a Delta II rocket into position in the Space Launch Complex-2 (SLC-2) service tower at Vandenberg Air Force Base in California. The rocket is being prepared to launch NASA's Aquarius satellite into low Earth orbit.      Scheduled to launch in June, Aquarius' mission will be to provide monthly maps of global changes in sea surface salinity. By measuring ocean salinity from space, Aquarius will provide new insights into how the massive natural exchange of freshwater between the ocean, atmosphere and sea ice influences ocean circulation, weather and climate. Also going up with the satellite are optical and thermal cameras, a microwave radiometer and the SAC-D spacecraft, which were developed with the help of institutions in Italy, France, Canada and Argentina. Photo credit: VAFB/30th Space Wing",KSC-2011-2453,"[{'href': 'https://images-assets.nasa.gov/image/KSC-2011-2453/KSC-2011-2453~medium.jpg', 'rel': 'alternate', 'render': 'image', 'width': 1280, 'size': 171000, 'height': 856}, {'href': 'https://images-assets.nasa.gov/image/KSC-2011-2453/KSC-2011-2453~small.jpg', 'rel': 'alternate', 'render': 'image', 'width': 640, 'size': 55000, 'height': 428}, {'href': 'https://images-assets.nasa.gov/image/KSC-2011-2453/KSC-2011-2453~thumb.jpg', 'rel': 'preview', 'render': 'image', 'width': 640, 'size': 55000, 'height': 428}, {'href': 'https://images-assets.nasa.gov/image/KSC-2011-2453/KSC-2011-2453~large.jpg', 'rel': 'alternate', 'render': 'image', 'width': 1920, 'size': 322000, 'height': 1285}, {'href': 'https://images-assets.nasa.gov/image/KSC-2011-2453/KSC-2011-2453~orig.jpg', 'rel': 'canonical', 'render': 'image', 'height': 2008, 'width': 3000, 'size': 1045000}]"
72,KSC-2011-2198,2011-03-09T00:00:00Z,"['ELV, Delta II, science, research, climate change, Earth mission']",image,"VANDENBERG AIR FORCE BASE, Calif. --At Vandenberg Air Force Base in California, United Launch Alliance technicians finish installing one of three Delta II solid rocket motors on the pad at Space Launch Complex-2 West (SLC-2W). Scheduled to launch in June, the Delta II rocket will carry NASA's Aquarius satellite into low Earth orbit.    Aquarius' mission will be to provide monthly maps of global changes in sea surface salinity. By measuring ocean salinity from space, Aquarius will provide new insights into how the massive natural exchange of freshwater between the ocean, atmosphere and sea ice influences ocean circulation, weather and climate. Also going up with the satellite are optical and thermal cameras, a microwave radiometer and the SAC-D spacecraft, which were developed with the help of institutions in Italy, France, Canada and Argentina. Photo credit: VAFB/30th Space Wing",KSC-2011-2198,"[{'href': 'https://images-assets.nasa.gov/image/KSC-2011-2198/KSC-2011-2198~medium.jpg', 'rel': 'alternate', 'render': 'image', 'width': 856, 'size': 120000, 'height': 1280}, {'href': 'https://images-assets.nasa.gov/image/KSC-2011-2198/KSC-2011-2198~small.jpg', 'rel': 'alternate', 'render': 'image', 'width': 428, 'size': 41000, 'height': 640}, {'href': 'https://images-assets.nasa.gov/image/KSC-2011-2198/KSC-2011-2198~thumb.jpg', 'rel': 'preview', 'render': 'image', 'width': 428, 'size': 41000, 'height': 640}, {'href': 'https://images-assets.nasa.gov/image/KSC-2011-2198/KSC-2011-2198~large.jpg', 'rel': 'alternate', 'render': 'image', 'width': 1285, 'size': 227000, 'height': 1920}, {'href': 'https://images-assets.nasa.gov/image/KSC-2011-2198/KSC-2011-2198~orig.jpg', 'rel': 'canonical', 'render': 'image', 'height': 3000, 'width': 2008, 'size': 815000}]"
73,KSC-2011-2452,2011-03-21T00:00:00Z,"['ELV, Delta II, science, research, climate change, Earth mission']",image,"VANDENBERG AIR FORCE BASE, Calif. -- United Space Alliance technicians hoist the second stage of a Delta II rocket into position in the Space Launch Complex-2 (SLC-2) service tower at Vandenberg Air Force Base in California. The rocket is being prepared to launch NASA's Aquarius satellite into low Earth orbit.        Scheduled to launch in June, Aquarius' mission will be to provide monthly maps of global changes in sea surface salinity. By measuring ocean salinity from space, Aquarius will provide new insights into how the massive natural exchange of freshwater between the ocean, atmosphere and sea ice influences ocean circulation, weather and climate. Also going up with the satellite are optical and thermal cameras, a microwave radiometer and the SAC-D spacecraft, which were developed with the help of institutions in Italy, France, Canada and Argentina. Photo credit: VAFB/30th Space Wing",KSC-2011-2452,"[{'href': 'https://images-assets.nasa.gov/image/KSC-2011-2452/KSC-2011-2452~medium.jpg', 'rel': 'alternate', 'render': 'image', 'width': 856, 'size': 174000, 'height': 1280}, {'href': 'https://images-assets.nasa.gov/image/KSC-2011-2452/KSC-2011-2452~small.jpg', 'rel': 'alternate', 'render': 'image', 'width': 428, 'size': 54000, 'height': 640}, {'href': 'https://images-assets.nasa.gov/image/KSC-2011-2452/KSC-2011-2452~thumb.jpg', 'rel': 'preview', 'render': 'image', 'width': 428, 'size': 54000, 'height': 640}, {'href': 'https://images-assets.nasa.gov/image/KSC-2011-2452/KSC-2011-2452~large.jpg', 'rel': 'alternate', 'render': 'image', 'width': 1285, 'size': 334000, 'height': 1920}, {'href': 'https://images-assets.nasa.gov/image/KSC-2011-2452/KSC-2011-2452~orig.jpg', 'rel': 'canonical', 'render': 'image', 'height': 3000, 'width': 2008, 'size': 1161000}]"
74,KSC-2011-2197,2011-03-09T00:00:00Z,"['ELV, Delta II, science, research, climate change, Earth mission']",image,"VANDENBERG AIR FORCE BASE, Calif. --At Vandenberg Air Force Base in California, a crane raises one of three United Launch Alliance Delta II solid rocket motors on the pad at Space Launch Complex-2 West (SLC-2W). A second motor was installed earlier in the morning. Scheduled to launch in June, the Delta II rocket will carry NASA's Aquarius satellite into low Earth orbit.    Aquarius' mission will be to provide monthly maps of global changes in sea surface salinity. By measuring ocean salinity from space, Aquarius will provide new insights into how the massive natural exchange of freshwater between the ocean, atmosphere and sea ice influences ocean circulation, weather and climate. Also going up with the satellite are optical and thermal cameras, a microwave radiometer and the SAC-D spacecraft, which were developed with the help of institutions in Italy, France, Canada and Argentina. Photo credit: VAFB/30th Space Wing",KSC-2011-2197,"[{'href': 'https://images-assets.nasa.gov/image/KSC-2011-2197/KSC-2011-2197~medium.jpg', 'rel': 'alternate', 'render': 'image', 'width': 856, 'size': 141000, 'height': 1280}, {'href': 'https://images-assets.nasa.gov/image/KSC-2011-2197/KSC-2011-2197~small.jpg', 'rel': 'alternate', 'render': 'image', 'width': 428, 'size': 49000, 'height': 640}, {'href': 'https://images-assets.nasa.gov/image/KSC-2011-2197/KSC-2011-2197~thumb.jpg', 'rel': 'preview', 'render': 'image', 'width': 428, 'size': 49000, 'height': 640}, {'href': 'https://images-assets.nasa.gov/image/KSC-2011-2197/KSC-2011-2197~large.jpg', 'rel': 'alternate', 'render': 'image', 'width': 1285, 'size': 258000, 'height': 1920}, {'href': 'https://images-assets.nasa.gov/image/KSC-2011-2197/KSC-2011-2197~orig.jpg', 'rel': 'canonical', 'render': 'image', 'height': 3000, 'width': 2008, 'size': 880000}]"
75,KSC-2011-2457,2011-03-21T00:00:00Z,"['ELV, Delta II, science, research, climate change, Earth mission']",image,"VANDENBERG AIR FORCE BASE, Calif. -- With the Space Launch Complex-2 (SLC-2) service tower at Vandenberg Air Force Base in California back in place, the first and second stages, and three solid rocket motors of a Delta II rocket are in their launch configuration. The rocket is being prepared to launch NASA's Aquarius satellite into low Earth orbit.    Scheduled to launch in June, Aquarius' mission will be to provide monthly maps of global changes in sea surface salinity. By measuring ocean salinity from space, Aquarius will provide new insights into how the massive natural exchange of freshwater between the ocean, atmosphere and sea ice influences ocean circulation, weather and climate. Also going up with the satellite are optical and thermal cameras, a microwave radiometer and the SAC-D spacecraft, which were developed with the help of institutions in Italy, France, Canada and Argentina. Photo credit: VAFB/30th Space Wing",KSC-2011-2457,"[{'href': 'https://images-assets.nasa.gov/image/KSC-2011-2457/KSC-2011-2457~medium.jpg', 'rel': 'alternate', 'render': 'image', 'width': 856, 'size': 179000, 'height': 1280}, {'href': 'https://images-assets.nasa.gov/image/KSC-2011-2457/KSC-2011-2457~small.jpg', 'rel': 'alternate', 'render': 'image', 'width': 428, 'size': 53000, 'height': 640}, {'href': 'https://images-assets.nasa.gov/image/KSC-2011-2457/KSC-2011-2457~thumb.jpg', 'rel': 'preview', 'render': 'image', 'width': 428, 'size': 53000, 'height': 640}, {'href': 'https://images-assets.nasa.gov/image/KSC-2011-2457/KSC-2011-2457~large.jpg', 'rel': 'alternate', 'render': 'image', 'width': 1285, 'size': 352000, 'height': 1920}, {'href': 'https://images-assets.nasa.gov/image/KSC-2011-2457/KSC-2011-2457~orig.jpg', 'rel': 'canonical', 'render': 'image', 'height': 3000, 'width': 2008, 'size': 1193000}]"
76,KSC-2011-1960,2011-03-01T00:00:00Z,"['ELV, Delta II, science, research, climate change, Earth mission']",image,"VANDENBERG AIR FORCE BASE, Calif. -- As the sun rises over Vandenberg Air Force Base in California, the first stage of the United Launch Alliance Delta II rocket that will carry the Aquarius/SAC-D satellite into low Earth orbit is prepared for its move to Space Launch Complex-2 (SLC-2).      Scheduled to launch in June, Aquarius' mission will be to provide monthly maps of global changes in sea surface salinity. By measuring ocean salinity from space, Aquarius will provide new insights into how the massive natural exchange of freshwater between the ocean, atmosphere and sea ice influences ocean circulation, weather and climate. Also going up with the satellite are optical and thermal cameras, a microwave radiometer and the SAC-D spacecraft, which were developed with the help of institutions in Italy, France, Canada and Argentina. Photo credit: NASA/VAFB",KSC-2011-1960,"[{'href': 'https://images-assets.nasa.gov/image/KSC-2011-1960/KSC-2011-1960~medium.jpg', 'rel': 'alternate', 'render': 'image', 'width': 1280, 'size': 75000, 'height': 856}, {'href': 'https://images-assets.nasa.gov/image/KSC-2011-1960/KSC-2011-1960~small.jpg', 'rel': 'alternate', 'render': 'image', 'width': 640, 'size': 21000, 'height': 428}, {'href': 'https://images-assets.nasa.gov/image/KSC-2011-1960/KSC-2011-1960~thumb.jpg', 'rel': 'preview', 'render': 'image', 'width': 640, 'size': 21000, 'height': 428}, {'href': 'https://images-assets.nasa.gov/image/KSC-2011-1960/KSC-2011-1960~large.jpg', 'rel': 'alternate', 'render': 'image', 'width': 1920, 'size': 163000, 'height': 1285}, {'href': 'https://images-assets.nasa.gov/image/KSC-2011-1960/KSC-2011-1960~orig.jpg', 'rel': 'canonical', 'render': 'image', 'height': 2008, 'width': 3000, 'size': 522000}]"
77,KSC-2011-2455,2011-03-21T00:00:00Z,"['ELV, Delta II, science, research, climate change, Earth mission']",image,"VANDENBERG AIR FORCE BASE, Calif. -- With the Space Launch Complex-2 (SLC-2) service tower at Vandenberg Air Force Base in California back in place, United Space Alliance technicians lower the second stage of a Delta II rocket into position over the first stage and three solid rocket motors. The rocket is being prepared to launch NASA's Aquarius satellite into low Earth orbit.        Scheduled to launch in June, Aquarius' mission will be to provide monthly maps of global changes in sea surface salinity. By measuring ocean salinity from space, Aquarius will provide new insights into how the massive natural exchange of freshwater between the ocean, atmosphere and sea ice influences ocean circulation, weather and climate. Also going up with the satellite are optical and thermal cameras, a microwave radiometer and the SAC-D spacecraft, which were developed with the help of institutions in Italy, France, Canada and Argentina. Photo credit: VAFB/30th Space Wing",KSC-2011-2455,"[{'href': 'https://images-assets.nasa.gov/image/KSC-2011-2455/KSC-2011-2455~medium.jpg', 'rel': 'alternate', 'render': 'image', 'width': 856, 'size': 191000, 'height': 1280}, {'href': 'https://images-assets.nasa.gov/image/KSC-2011-2455/KSC-2011-2455~small.jpg', 'rel': 'alternate', 'render': 'image', 'width': 428, 'size': 60000, 'height': 640}, {'href': 'https://images-assets.nasa.gov/image/KSC-2011-2455/KSC-2011-2455~thumb.jpg', 'rel': 'preview', 'render': 'image', 'width': 428, 'size': 60000, 'height': 640}, {'href': 'https://images-assets.nasa.gov/image/KSC-2011-2455/KSC-2011-2455~large.jpg', 'rel': 'alternate', 'render': 'image', 'width': 1285, 'size': 364000, 'height': 1920}, {'href': 'https://images-assets.nasa.gov/image/KSC-2011-2455/KSC-2011-2455~orig.jpg', 'rel': 'canonical', 'render': 'image', 'height': 3000, 'width': 2008, 'size': 1208000}]"
78,KSC-2011-2199,2011-03-09T00:00:00Z,"['ELV, Delta II, science, research, climate change, Earth mission']",image,"VANDENBERG AIR FORCE BASE, Calif. --At Vandenberg Air Force Base in California, United Launch Alliance technicians finish installing one of three Delta II solid rocket motors on the pad at Space Launch Complex-2 West (SLC-2W). A second motor was installed earlier in the morning. Scheduled to launch in June, the Delta II rocket will carry NASA's Aquarius satellite into low Earth orbit.    Aquarius' mission will be to provide monthly maps of global changes in sea surface salinity. By measuring ocean salinity from space, Aquarius will provide new insights into how the massive natural exchange of freshwater between the ocean, atmosphere and sea ice influences ocean circulation, weather and climate. Also going up with the satellite are optical and thermal cameras, a microwave radiometer and the SAC-D spacecraft, which were developed with the help of institutions in Italy, France, Canada and Argentina. Photo credit: VAFB/30th Space Wing",KSC-2011-2199,"[{'href': 'https://images-assets.nasa.gov/image/KSC-2011-2199/KSC-2011-2199~medium.jpg', 'rel': 'alternate', 'render': 'image', 'width': 856, 'size': 137000, 'height': 1280}, {'href': 'https://images-assets.nasa.gov/image/KSC-2011-2199/KSC-2011-2199~small.jpg', 'rel': 'alternate', 'render': 'image', 'width': 428, 'size': 47000, 'height': 640}, {'href': 'https://images-assets.nasa.gov/image/KSC-2011-2199/KSC-2011-2199~thumb.jpg', 'rel': 'preview', 'render': 'image', 'width': 428, 'size': 47000, 'height': 640}, {'href': 'https://images-assets.nasa.gov/image/KSC-2011-2199/KSC-2011-2199~large.jpg', 'rel': 'alternate', 'render': 'image', 'width': 1285, 'size': 254000, 'height': 1920}, {'href': 'https://images-assets.nasa.gov/image/KSC-2011-2199/KSC-2011-2199~orig.jpg', 'rel': 'canonical', 'render': 'image', 'height': 3000, 'width': 2008, 'size': 893000}]"
79,KSC-2011-2450,2011-03-21T00:00:00Z,"['ELV, Delta II, science, research, climate change, Earth mission']",image,"VANDENBERG AIR FORCE BASE, Calif. -- The Space Launch Complex-2 (SLC-2) service tower at Vandenberg Air Force Base in California is moved to allow United Launch Alliance technicians to hoist into position the second stage of the Delta II rocket that will carry NASA's Aquarius satellite into low Earth orbit.       Scheduled to launch in June, Aquarius' mission will be to provide monthly maps of global changes in sea surface salinity. By measuring ocean salinity from space, Aquarius will provide new insights into how the massive natural exchange of freshwater between the ocean, atmosphere and sea ice influences ocean circulation, weather and climate. Also going up with the satellite are optical and thermal cameras, a microwave radiometer and the SAC-D spacecraft, which were developed with the help of institutions in Italy, France, Canada and Argentina. Photo credit: VAFB/30th Space Wing",KSC-2011-2450,"[{'href': 'https://images-assets.nasa.gov/image/KSC-2011-2450/KSC-2011-2450~medium.jpg', 'rel': 'alternate', 'render': 'image', 'width': 856, 'size': 124000, 'height': 1280}, {'href': 'https://images-assets.nasa.gov/image/KSC-2011-2450/KSC-2011-2450~small.jpg', 'rel': 'alternate', 'render': 'image', 'width': 428, 'size': 39000, 'height': 640}, {'href': 'https://images-assets.nasa.gov/image/KSC-2011-2450/KSC-2011-2450~thumb.jpg', 'rel': 'preview', 'render': 'image', 'width': 428, 'size': 39000, 'height': 640}, {'href': 'https://images-assets.nasa.gov/image/KSC-2011-2450/KSC-2011-2450~large.jpg', 'rel': 'alternate', 'render': 'image', 'width': 1285, 'size': 240000, 'height': 1920}, {'href': 'https://images-assets.nasa.gov/image/KSC-2011-2450/KSC-2011-2450~orig.jpg', 'rel': 'canonical', 'render': 'image', 'height': 3000, 'width': 2008, 'size': 883000}]"
80,KSC-2011-2196,2011-03-09T00:00:00Z,"['ELV, Delta II, science, research, climate change, Earth mission']",image,"VANDENBERG AIR FORCE BASE, Calif. --At Vandenberg Air Force Base in California, a crane raises one of three United Launch Alliance Delta II solid rocket motors on the pad at Space Launch Complex-2 West (SLC-2W). A second motor was installed earlier in the morning. Scheduled to launch in June, the Delta II rocket will carry NASA's Aquarius satellite into low Earth orbit.    Aquarius' mission will be to provide monthly maps of global changes in sea surface salinity. By measuring ocean salinity from space, Aquarius will provide new insights into how the massive natural exchange of freshwater between the ocean, atmosphere and sea ice influences ocean circulation, weather and climate. Also going up with the satellite are optical and thermal cameras, a microwave radiometer and the SAC-D spacecraft, which were developed with the help of institutions in Italy, France, Canada and Argentina. Photo credit: VAFB/30th Space Wing",KSC-2011-2196,"[{'href': 'https://images-assets.nasa.gov/image/KSC-2011-2196/KSC-2011-2196~medium.jpg', 'rel': 'alternate', 'render': 'image', 'width': 856, 'size': 123000, 'height': 1280}, {'href': 'https://images-assets.nasa.gov/image/KSC-2011-2196/KSC-2011-2196~small.jpg', 'rel': 'alternate', 'render': 'image', 'width': 428, 'size': 40000, 'height': 640}, {'href': 'https://images-assets.nasa.gov/image/KSC-2011-2196/KSC-2011-2196~thumb.jpg', 'rel': 'preview', 'render': 'image', 'width': 428, 'size': 40000, 'height': 640}, {'href': 'https://images-assets.nasa.gov/image/KSC-2011-2196/KSC-2011-2196~large.jpg', 'rel': 'alternate', 'render': 'image', 'width': 1285, 'size': 242000, 'height': 1920}, {'href': 'https://images-assets.nasa.gov/image/KSC-2011-2196/KSC-2011-2196~orig.jpg', 'rel': 'canonical', 'render': 'image', 'height': 3000, 'width': 2008, 'size': 921000}]"
81,KSC-2011-2190,2011-03-09T00:00:00Z,"['ELV, Delta II, science, research, climate change, Earth mission']",image,"VANDENBERG AIR FORCE BASE, Calif. --As the sun rises over Vandenberg Air Force Base in California, United Launch Alliance technicians prepare to raise one of three Delta II solid rocket motors on the pad at Space Launch Complex-2 West (SLC-2W). Scheduled to launch in June, the Delta II rocket will carry NASA's Aquarius satellite into low Earth orbit.    Aquarius' mission will be to provide monthly maps of global changes in sea surface salinity. By measuring ocean salinity from space, Aquarius will provide new insights into how the massive natural exchange of freshwater between the ocean, atmosphere and sea ice influences ocean circulation, weather and climate. Also going up with the satellite are optical and thermal cameras, a microwave radiometer and the SAC-D spacecraft, which were developed with the help of institutions in Italy, France, Canada and Argentina. Photo credit: VAFB/30th Space Wing",KSC-2011-2190,"[{'href': 'https://images-assets.nasa.gov/image/KSC-2011-2190/KSC-2011-2190~medium.jpg', 'rel': 'alternate', 'render': 'image', 'width': 856, 'size': 109000, 'height': 1280}, {'href': 'https://images-assets.nasa.gov/image/KSC-2011-2190/KSC-2011-2190~small.jpg', 'rel': 'alternate', 'render': 'image', 'width': 428, 'size': 34000, 'height': 640}, {'href': 'https://images-assets.nasa.gov/image/KSC-2011-2190/KSC-2011-2190~thumb.jpg', 'rel': 'preview', 'render': 'image', 'width': 428, 'size': 34000, 'height': 640}, {'href': 'https://images-assets.nasa.gov/image/KSC-2011-2190/KSC-2011-2190~large.jpg', 'rel': 'alternate', 'render': 'image', 'width': 1285, 'size': 215000, 'height': 1920}, {'href': 'https://images-assets.nasa.gov/image/KSC-2011-2190/KSC-2011-2190~orig.jpg', 'rel': 'canonical', 'render': 'image', 'height': 3000, 'width': 2008, 'size': 639000}]"
82,A Drier Future Sets the Stage for More Wildfires,2019-07-09T00:00:00Z,"['Drought', 'Fire Management', 'Human Geography', 'Natural Hazards', 'Fires', 'Climate Change', 'Earth', 'Freshwater']",video,"Droughts can create ideal conditions for wildfires. Dry trees and vegetation provide fuel. Low soil and air moisture make it easier for fires to spread quickly. In these conditions, a spark from lightning, electrical failures, human error or planned fires can quickly get out of control. As Earth’s climate warms and precipitation patterns change, increasingly severe droughts will leave some areas of the world vulnerable to increasingly severe fires. Understanding how fires behave in dry conditions can help firefighters, first responders and others prepare for a hotter, drier future.",GSFC_20190709_Droughts_m13253_Fires,"[{'href': 'https://images-assets.nasa.gov/video/GSFC_20190709_Droughts_m13253_Fires/GSFC_20190709_Droughts_m13253_Fires~large.jpg', 'rel': 'alternate', 'render': 'image', 'width': 800, 'size': 30000, 'height': 450}, {'href': 'https://images-assets.nasa.gov/video/GSFC_20190709_Droughts_m13253_Fires/GSFC_20190709_Droughts_m13253_Fires~medium.jpg', 'rel': 'alternate', 'render': 'image', 'width': 400, 'size': 13000, 'height': 225}, {'href': 'https://images-assets.nasa.gov/video/GSFC_20190709_Droughts_m13253_Fires/GSFC_20190709_Droughts_m13253_Fires~small.jpg', 'rel': 'alternate', 'render': 'image', 'width': 200, 'size': 5500, 'height': 112}, {'href': 'https://images-assets.nasa.gov/video/GSFC_20190709_Droughts_m13253_Fires/GSFC_20190709_Droughts_m13253_Fires~thumb.jpg', 'rel': 'preview', 'render': 'image', 'width': 300, 'size': 10000, 'height': 168}, {'href': 'https://images-assets.nasa.gov/video/GSFC_20190709_Droughts_m13253_Fires/GSFC_20190709_Droughts_m13253_Fires.vtt', 'rel': 'captions'}]"
83,New Look at Gravity Data Sheds Light on Ocean and Climate,2009-08-27T18:55:23Z,"['Earth', 'Gravity Recovery and Climate Experiment GRACE']",image,This map shows changes in ocean bottom pressure measured by NASA Gravity Recovery and Climate Experiment.,PIA12188,"[{'href': 'https://images-assets.nasa.gov/image/PIA12188/PIA12188~small.jpg', 'rel': 'alternate', 'render': 'image', 'width': 640, 'size': 67000, 'height': 640}, {'href': 'https://images-assets.nasa.gov/image/PIA12188/PIA12188~thumb.jpg', 'rel': 'preview', 'render': 'image', 'width': 640, 'size': 67000, 'height': 640}, {'href': 'https://images-assets.nasa.gov/image/PIA12188/PIA12188~orig.jpg', 'rel': 'canonical', 'render': 'image', 'height': 778, 'width': 778, 'size': 99000}]"
84,NASA Science Live: Climate Edition - Innovations for a Sustainable Future [Episode 60],2024-10-30T00:00:00Z,"['Jasmine Hopkins', 'Dr. Kate Calvin', 'Dan Lockney', 'NASA', 'Climate', 'Climate Change', 'Earth Science', 'Spinoff Technology', 'Sustainable', 'Innovations', 'Green Technology', 'Recycle', 'Lunarecycle challenge', 'Renewable energies', 'Wildfires', 'Beaver dam', 'Agriculture', 'NSL', 'NASA Science Live']",video,"Join NASA experts for a special climate edition of NASA Science Live on Wednesday, October 30 at 3:00 p.m. ET. This interactive Q&A will explore how NASA’s cutting-edge technology and research are helping to combat climate change and to develop solutions for a greener planet. Ask NASA experts your questions by using #askNASA. Jasmine Hopkins, NASA Communications Dr. Kate Calvin, NASA Chief Scientist and Senior Climate Advisor Dan Lockney, NASA Technology Transfer Program Executive",GSFC_NSL_Climate_Ep60,"[{'href': 'https://images-assets.nasa.gov/video/GSFC_NSL_Climate_Ep60/GSFC_NSL_Climate_Ep60~large.jpg', 'rel': 'alternate', 'render': 'image', 'width': 800, 'size': 27000, 'height': 450}, {'href': 'https://images-assets.nasa.gov/video/GSFC_NSL_Climate_Ep60/GSFC_NSL_Climate_Ep60~medium.jpg', 'rel': 'alternate', 'render': 'image', 'width': 400, 'size': 11000, 'height': 225}, {'href': 'https://images-assets.nasa.gov/video/GSFC_NSL_Climate_Ep60/GSFC_NSL_Climate_Ep60~small.jpg', 'rel': 'alternate', 'render': 'image', 'width': 200, 'size': 4600, 'height': 112}, {'href': 'https://images-assets.nasa.gov/video/GSFC_NSL_Climate_Ep60/GSFC_NSL_Climate_Ep60~thumb.jpg', 'rel': 'preview', 'render': 'image', 'width': 300, 'size': 7400, 'height': 168}, {'href': 'https://images-assets.nasa.gov/video/GSFC_NSL_Climate_Ep60/GSFC_NSL_Climate_Ep60.srt', 'rel': 'captions'}]"
85,KSC-2011-1971,2011-03-01T00:00:00Z,"['ELV, Delta II, science, research, climate change, Earth mission']",image,"VANDENBERG AIR FORCE BASE, Calif. -- The first stage of the Delta II rocket that will carry NASA's Aquarius satellite into low Earth orbit is raised onto the launch pad at Vandenberg Air Force Base's Space Launch Complex-2 (SLC-2) in California. While the Delta II rocket is stacked on SLC-2, teams for NASA's Glory spacecraft and Orbital Sciences Taurus XL rocket are in launch preparation mode at Vandenberg's nearby Space Launch Complex 576-E.    Scheduled to launch in June, Aquarius' mission will be to provide monthly maps of global changes in sea surface salinity. By measuring ocean salinity from space, Aquarius will provide new insights into how the massive natural exchange of freshwater between the ocean, atmosphere and sea ice influences ocean circulation, weather and climate. Also going up with the satellite are optical and thermal cameras, a microwave radiometer and the SAC-D spacecraft, which were developed with the help of institutions in Italy, France, Canada and Argentina. Photo credit: NASA/VAFB",KSC-2011-1971,"[{'href': 'https://images-assets.nasa.gov/image/KSC-2011-1971/KSC-2011-1971~medium.jpg', 'rel': 'alternate', 'render': 'image', 'width': 856, 'size': 155000, 'height': 1280}, {'href': 'https://images-assets.nasa.gov/image/KSC-2011-1971/KSC-2011-1971~small.jpg', 'rel': 'alternate', 'render': 'image', 'width': 428, 'size': 51000, 'height': 640}, {'href': 'https://images-assets.nasa.gov/image/KSC-2011-1971/KSC-2011-1971~thumb.jpg', 'rel': 'preview', 'render': 'image', 'width': 428, 'size': 51000, 'height': 640}, {'href': 'https://images-assets.nasa.gov/image/KSC-2011-1971/KSC-2011-1971~large.jpg', 'rel': 'alternate', 'render': 'image', 'width': 1285, 'size': 292000, 'height': 1920}, {'href': 'https://images-assets.nasa.gov/image/KSC-2011-1971/KSC-2011-1971~orig.jpg', 'rel': 'canonical', 'render': 'image', 'height': 3000, 'width': 2008, 'size': 817000}]"
86,KSC-2011-1970,2011-03-01T00:00:00Z,"['ELV, Delta II, science, research, climate change, Earth mission']",image,"VANDENBERG AIR FORCE BASE, Calif. -- The first stage of the Delta II rocket that will carry NASA's Aquarius satellite into low Earth orbit is raised onto the launch pad at Vandenberg Air Force Base's Space Launch Complex-2 (SLC-2) in California. While the Delta II rocket is stacked on SLC-2, teams for NASA's Glory spacecraft and Orbital Sciences Taurus XL rocket are in launch preparation mode at Vandenberg's nearby Space Launch Complex 576-E.      Scheduled to launch in June, Aquarius' mission will be to provide monthly maps of global changes in sea surface salinity. By measuring ocean salinity from space, Aquarius will provide new insights into how the massive natural exchange of freshwater between the ocean, atmosphere and sea ice influences ocean circulation, weather and climate. Also going up with the satellite are optical and thermal cameras, a microwave radiometer and the SAC-D spacecraft, which were developed with the help of institutions in Italy, France, Canada and Argentina. Photo credit: NASA/VAFB",KSC-2011-1970,"[{'href': 'https://images-assets.nasa.gov/image/KSC-2011-1970/KSC-2011-1970~medium.jpg', 'rel': 'alternate', 'render': 'image', 'width': 856, 'size': 184000, 'height': 1280}, {'href': 'https://images-assets.nasa.gov/image/KSC-2011-1970/KSC-2011-1970~small.jpg', 'rel': 'alternate', 'render': 'image', 'width': 428, 'size': 60000, 'height': 640}, {'href': 'https://images-assets.nasa.gov/image/KSC-2011-1970/KSC-2011-1970~thumb.jpg', 'rel': 'preview', 'render': 'image', 'width': 428, 'size': 60000, 'height': 640}, {'href': 'https://images-assets.nasa.gov/image/KSC-2011-1970/KSC-2011-1970~large.jpg', 'rel': 'alternate', 'render': 'image', 'width': 1285, 'size': 343000, 'height': 1920}, {'href': 'https://images-assets.nasa.gov/image/KSC-2011-1970/KSC-2011-1970~orig.jpg', 'rel': 'canonical', 'render': 'image', 'height': 3000, 'width': 2008, 'size': 947000}]"
87,KSC-2011-1963,2011-03-01T00:00:00Z,"['ELV, Delta II, science, research, climate change, Earth mission']",image,"VANDENBERG AIR FORCE BASE, Calif. -- The first stage of the Delta II rocket that will carry NASA's Aquarius satellite into low Earth orbit arrives to the launch pad at Vandenberg Air Force Base's Space Launch Complex-2 (SLC-2) in California. While the Delta II rocket is stacked on SLC-2, teams for NASA's Glory spacecraft and Orbital Sciences Taurus XL rocket are in launch preparation mode at Vandenberg's nearby Space Launch Complex 576-E.    Scheduled to launch in June, Aquarius' mission will be to provide monthly maps of global changes in sea surface salinity. By measuring ocean salinity from space, Aquarius will provide new insights into how the massive natural exchange of freshwater between the ocean, atmosphere and sea ice influences ocean circulation, weather and climate. Also going up with the satellite are optical and thermal cameras, a microwave radiometer and the SAC-D spacecraft, which were developed with the help of institutions in Italy, France, Canada and Argentina. Photo credit: NASA/VAFB",KSC-2011-1963,"[{'href': 'https://images-assets.nasa.gov/image/KSC-2011-1963/KSC-2011-1963~medium.jpg', 'rel': 'alternate', 'render': 'image', 'width': 1280, 'size': 138000, 'height': 856}, {'href': 'https://images-assets.nasa.gov/image/KSC-2011-1963/KSC-2011-1963~small.jpg', 'rel': 'alternate', 'render': 'image', 'width': 640, 'size': 44000, 'height': 428}, {'href': 'https://images-assets.nasa.gov/image/KSC-2011-1963/KSC-2011-1963~thumb.jpg', 'rel': 'preview', 'render': 'image', 'width': 640, 'size': 44000, 'height': 428}, {'href': 'https://images-assets.nasa.gov/image/KSC-2011-1963/KSC-2011-1963~large.jpg', 'rel': 'alternate', 'render': 'image', 'width': 1920, 'size': 263000, 'height': 1285}, {'href': 'https://images-assets.nasa.gov/image/KSC-2011-1963/KSC-2011-1963~orig.jpg', 'rel': 'canonical', 'render': 'image', 'height': 2008, 'width': 3000, 'size': 760000}]"
88,KSC-2011-1961,2011-03-01T00:00:00Z,"['ELV, Delta II, science, research, climate change, Earth mission']",image,"VANDENBERG AIR FORCE BASE, Calif. --  As the sun rises over Vandenberg Air Force Base in California, the first stage of the Delta II rocket that will carry NASA's Aquarius satellite into low Earth orbit is on its way to Space Launch Complex-2 (SLC-2). While the Delta II rocket is stacked on SLC-2, teams for NASA's Glory spacecraft and Orbital Sciences Taurus XL rocket are in launch preparation mode at Vandenberg's nearby Space Launch Complex 576-E.        Scheduled to launch in June, Aquarius' mission will be to provide monthly maps of global changes in sea surface salinity. By measuring ocean salinity from space, Aquarius will provide new insights into how the massive natural exchange of freshwater between the ocean, atmosphere and sea ice influences ocean circulation, weather and climate. Also going up with the satellite are optical and thermal cameras, a microwave radiometer and the SAC-D spacecraft, which were developed with the help of institutions in Italy, France, Canada and Argentina. Photo credit: NASA/VAFB",KSC-2011-1961,"[{'href': 'https://images-assets.nasa.gov/image/KSC-2011-1961/KSC-2011-1961~medium.jpg', 'rel': 'alternate', 'render': 'image', 'width': 1280, 'size': 101000, 'height': 856}, {'href': 'https://images-assets.nasa.gov/image/KSC-2011-1961/KSC-2011-1961~small.jpg', 'rel': 'alternate', 'render': 'image', 'width': 640, 'size': 30000, 'height': 428}, {'href': 'https://images-assets.nasa.gov/image/KSC-2011-1961/KSC-2011-1961~thumb.jpg', 'rel': 'preview', 'render': 'image', 'width': 640, 'size': 30000, 'height': 428}, {'href': 'https://images-assets.nasa.gov/image/KSC-2011-1961/KSC-2011-1961~large.jpg', 'rel': 'alternate', 'render': 'image', 'width': 1920, 'size': 206000, 'height': 1285}, {'href': 'https://images-assets.nasa.gov/image/KSC-2011-1961/KSC-2011-1961~orig.jpg', 'rel': 'canonical', 'render': 'image', 'height': 2008, 'width': 3000, 'size': 623000}]"
89,KSC-2011-1964,2011-03-01T00:00:00Z,"['ELV, Delta II, science, research, climate change, Earth mission']",image,"VANDENBERG AIR FORCE BASE, Calif. -- The first stage of the Delta II rocket that will carry NASA's Aquarius satellite into low Earth orbit is raised onto the launch pad at Vandenberg Air Force Base's Space Launch Complex-2 (SLC-2) in California. While the Delta II rocket is stacked on SLC-2, teams for NASA's Glory spacecraft and Orbital Sciences Taurus XL rocket are in launch preparation mode at Vandenberg's nearby Space Launch Complex 576-E.        Scheduled to launch in June, Aquarius' mission will be to provide monthly maps of global changes in sea surface salinity. By measuring ocean salinity from space, Aquarius will provide new insights into how the massive natural exchange of freshwater between the ocean, atmosphere and sea ice influences ocean circulation, weather and climate. Also going up with the satellite are optical and thermal cameras, a microwave radiometer and the SAC-D spacecraft, which were developed with the help of institutions in Italy, France, Canada and Argentina. Photo credit: NASA/VAFB",KSC-2011-1964,"[{'href': 'https://images-assets.nasa.gov/image/KSC-2011-1964/KSC-2011-1964~medium.jpg', 'rel': 'alternate', 'render': 'image', 'width': 1280, 'size': 121000, 'height': 856}, {'href': 'https://images-assets.nasa.gov/image/KSC-2011-1964/KSC-2011-1964~small.jpg', 'rel': 'alternate', 'render': 'image', 'width': 640, 'size': 38000, 'height': 428}, {'href': 'https://images-assets.nasa.gov/image/KSC-2011-1964/KSC-2011-1964~thumb.jpg', 'rel': 'preview', 'render': 'image', 'width': 640, 'size': 38000, 'height': 428}, {'href': 'https://images-assets.nasa.gov/image/KSC-2011-1964/KSC-2011-1964~large.jpg', 'rel': 'alternate', 'render': 'image', 'width': 1920, 'size': 230000, 'height': 1285}, {'href': 'https://images-assets.nasa.gov/image/KSC-2011-1964/KSC-2011-1964~orig.jpg', 'rel': 'canonical', 'render': 'image', 'height': 2008, 'width': 3000, 'size': 657000}]"
90,KSC-2011-2188,2011-03-09T00:00:00Z,"['ELV, Delta II, science, research, climate change, Earth mission']",image,"VANDENBERG AIR FORCE BASE, Calif. --Before the sun rises over Vandenberg Air Force Base in California, United Launch Alliance technicians prepare to move one of three Delta II solid rocket motors from the solid motor facility to Space Launch Complex-2 West (SLC-2W) atop a tug. ULA technician Eric Chambless is in the tug's driver seat. Scheduled to launch in June, the Delta II rocket will carry NASA's Aquarius satellite into low Earth orbit.    Aquarius' mission will be to provide monthly maps of global changes in sea surface salinity. By measuring ocean salinity from space, Aquarius will provide new insights into how the massive natural exchange of freshwater between the ocean, atmosphere and sea ice influences ocean circulation, weather and climate. Also going up with the satellite are optical and thermal cameras, a microwave radiometer and the SAC-D spacecraft, which were developed with the help of institutions in Italy, France, Canada and Argentina. Photo credit: VAFB/30th Space Wing",KSC-2011-2188,"[{'href': 'https://images-assets.nasa.gov/image/KSC-2011-2188/KSC-2011-2188~medium.jpg', 'rel': 'alternate', 'render': 'image', 'width': 1280, 'size': 133000, 'height': 856}, {'href': 'https://images-assets.nasa.gov/image/KSC-2011-2188/KSC-2011-2188~small.jpg', 'rel': 'alternate', 'render': 'image', 'width': 640, 'size': 39000, 'height': 428}, {'href': 'https://images-assets.nasa.gov/image/KSC-2011-2188/KSC-2011-2188~thumb.jpg', 'rel': 'preview', 'render': 'image', 'width': 640, 'size': 39000, 'height': 428}, {'href': 'https://images-assets.nasa.gov/image/KSC-2011-2188/KSC-2011-2188~large.jpg', 'rel': 'alternate', 'render': 'image', 'width': 1920, 'size': 273000, 'height': 1285}, {'href': 'https://images-assets.nasa.gov/image/KSC-2011-2188/KSC-2011-2188~orig.jpg', 'rel': 'canonical', 'render': 'image', 'height': 2008, 'width': 3000, 'size': 852000}]"
91,KSC-2011-1965,2011-03-01T00:00:00Z,"['ELV, Delta II, science, research, climate change, Earth mission']",image,"VANDENBERG AIR FORCE BASE, Calif. -- The first stage of the Delta II rocket that will carry NASA's Aquarius satellite into low Earth orbit is raised onto the launch pad at Vandenberg Air Force Base's Space Launch Complex-2 (SLC-2) in California. While the Delta II rocket is stacked on SLC-2, teams for NASA's Glory spacecraft and Orbital Sciences Taurus XL rocket are in launch preparation mode at Vandenberg's nearby Space Launch Complex 576-E.      Scheduled to launch in June, Aquarius' mission will be to provide monthly maps of global changes in sea surface salinity. By measuring ocean salinity from space, Aquarius will provide new insights into how the massive natural exchange of freshwater between the ocean, atmosphere and sea ice influences ocean circulation, weather and climate. Also going up with the satellite are optical and thermal cameras, a microwave radiometer and the SAC-D spacecraft, which were developed with the help of institutions in Italy, France, Canada and Argentina. Photo credit: NASA/VAFB",KSC-2011-1965,"[{'href': 'https://images-assets.nasa.gov/image/KSC-2011-1965/KSC-2011-1965~medium.jpg', 'rel': 'alternate', 'render': 'image', 'width': 856, 'size': 137000, 'height': 1280}, {'href': 'https://images-assets.nasa.gov/image/KSC-2011-1965/KSC-2011-1965~small.jpg', 'rel': 'alternate', 'render': 'image', 'width': 428, 'size': 44000, 'height': 640}, {'href': 'https://images-assets.nasa.gov/image/KSC-2011-1965/KSC-2011-1965~thumb.jpg', 'rel': 'preview', 'render': 'image', 'width': 428, 'size': 44000, 'height': 640}, {'href': 'https://images-assets.nasa.gov/image/KSC-2011-1965/KSC-2011-1965~large.jpg', 'rel': 'alternate', 'render': 'image', 'width': 1285, 'size': 261000, 'height': 1920}, {'href': 'https://images-assets.nasa.gov/image/KSC-2011-1965/KSC-2011-1965~orig.jpg', 'rel': 'canonical', 'render': 'image', 'height': 3000, 'width': 2008, 'size': 742000}]"
92,KSC-2011-1967,2011-03-01T00:00:00Z,"['ELV, Delta II, science, research, climate change, Earth mission']",image,"VANDENBERG AIR FORCE BASE, Calif. -- Technicians guide the first stage of the Delta II rocket that will carry NASA's Aquarius satellite into low Earth orbit onto the launch pad at Vandenberg Air Force Base's Space Launch Complex-2 (SLC-2) in California. While the Delta II rocket is stacked on SLC-2, teams for NASA's Glory spacecraft and Orbital Sciences Taurus XL rocket are in launch preparation mode at Vandenberg's nearby Space Launch Complex 576-E.      Scheduled to launch in June, Aquarius' mission will be to provide monthly maps of global changes in sea surface salinity. By measuring ocean salinity from space, Aquarius will provide new insights into how the massive natural exchange of freshwater between the ocean, atmosphere and sea ice influences ocean circulation, weather and climate. Also going up with the satellite are optical and thermal cameras, a microwave radiometer and the SAC-D spacecraft, which were developed with the help of institutions in Italy, France, Canada and Argentina. Photo credit: NASA/VAFB",KSC-2011-1967,"[{'href': 'https://images-assets.nasa.gov/image/KSC-2011-1967/KSC-2011-1967~medium.jpg', 'rel': 'alternate', 'render': 'image', 'width': 856, 'size': 153000, 'height': 1280}, {'href': 'https://images-assets.nasa.gov/image/KSC-2011-1967/KSC-2011-1967~small.jpg', 'rel': 'alternate', 'render': 'image', 'width': 428, 'size': 47000, 'height': 640}, {'href': 'https://images-assets.nasa.gov/image/KSC-2011-1967/KSC-2011-1967~thumb.jpg', 'rel': 'preview', 'render': 'image', 'width': 428, 'size': 47000, 'height': 640}, {'href': 'https://images-assets.nasa.gov/image/KSC-2011-1967/KSC-2011-1967~large.jpg', 'rel': 'alternate', 'render': 'image', 'width': 1285, 'size': 291000, 'height': 1920}, {'href': 'https://images-assets.nasa.gov/image/KSC-2011-1967/KSC-2011-1967~orig.jpg', 'rel': 'canonical', 'render': 'image', 'height': 3000, 'width': 2008, 'size': 820000}]"
93,KSC-2011-1968,2011-03-01T00:00:00Z,"['ELV, Delta II, science, research, climate change, Earth mission']",image,"VANDENBERG AIR FORCE BASE, Calif. --  Technicians guide the first stage of the Delta II rocket that will carry NASA's Aquarius satellite into low Earth orbit onto the launch pad at Vandenberg Air Force Base's Space Launch Complex-2 (SLC-2) in California. While the Delta II rocket is stacked on SLC-2, teams for NASA's Glory spacecraft and Orbital Sciences Taurus XL rocket are in launch preparation mode at Vandenberg's nearby Space Launch Complex 576-E.      Scheduled to launch in June, Aquarius' mission will be to provide monthly maps of global changes in sea surface salinity. By measuring ocean salinity from space, Aquarius will provide new insights into how the massive natural exchange of freshwater between the ocean, atmosphere and sea ice influences ocean circulation, weather and climate. Also going up with the satellite are optical and thermal cameras, a microwave radiometer and the SAC-D spacecraft, which were developed with the help of institutions in Italy, France, Canada and Argentina. Photo credit: NASA/VAFB",KSC-2011-1968,"[{'href': 'https://images-assets.nasa.gov/image/KSC-2011-1968/KSC-2011-1968~medium.jpg', 'rel': 'alternate', 'render': 'image', 'width': 856, 'size': 98000, 'height': 1280}, {'href': 'https://images-assets.nasa.gov/image/KSC-2011-1968/KSC-2011-1968~small.jpg', 'rel': 'alternate', 'render': 'image', 'width': 428, 'size': 35000, 'height': 640}, {'href': 'https://images-assets.nasa.gov/image/KSC-2011-1968/KSC-2011-1968~thumb.jpg', 'rel': 'preview', 'render': 'image', 'width': 428, 'size': 35000, 'height': 640}, {'href': 'https://images-assets.nasa.gov/image/KSC-2011-1968/KSC-2011-1968~large.jpg', 'rel': 'alternate', 'render': 'image', 'width': 1285, 'size': 178000, 'height': 1920}, {'href': 'https://images-assets.nasa.gov/image/KSC-2011-1968/KSC-2011-1968~orig.jpg', 'rel': 'canonical', 'render': 'image', 'height': 3000, 'width': 2008, 'size': 482000}]"
94,KSC-2011-1966,2011-03-01T00:00:00Z,"['ELV, Delta II, science, research, climate change, Earth mission']",image,"VANDENBERG AIR FORCE BASE, Calif. -- The first stage of the Delta II rocket that will carry NASA's Aquarius satellite into low Earth orbit is raised onto the launch pad at Vandenberg Air Force Base's Space Launch Complex-2 (SLC-2) in California. While the Delta II rocket is stacked on SLC-2, teams for NASA's Glory spacecraft and Orbital Sciences Taurus XL rocket are in launch preparation mode at Vandenberg's nearby Space Launch Complex 576-E.    Scheduled to launch in June, Aquarius' mission will be to provide monthly maps of global changes in sea surface salinity. By measuring ocean salinity from space, Aquarius will provide new insights into how the massive natural exchange of freshwater between the ocean, atmosphere and sea ice influences ocean circulation, weather and climate. Also going up with the satellite are optical and thermal cameras, a microwave radiometer and the SAC-D spacecraft, which were developed with the help of institutions in Italy, France, Canada and Argentina. Photo credit: NASA/VAFB",KSC-2011-1966,"[{'href': 'https://images-assets.nasa.gov/image/KSC-2011-1966/KSC-2011-1966~medium.jpg', 'rel': 'alternate', 'render': 'image', 'width': 856, 'size': 132000, 'height': 1280}, {'href': 'https://images-assets.nasa.gov/image/KSC-2011-1966/KSC-2011-1966~small.jpg', 'rel': 'alternate', 'render': 'image', 'width': 428, 'size': 42000, 'height': 640}, {'href': 'https://images-assets.nasa.gov/image/KSC-2011-1966/KSC-2011-1966~thumb.jpg', 'rel': 'preview', 'render': 'image', 'width': 428, 'size': 42000, 'height': 640}, {'href': 'https://images-assets.nasa.gov/image/KSC-2011-1966/KSC-2011-1966~large.jpg', 'rel': 'alternate', 'render': 'image', 'width': 1285, 'size': 252000, 'height': 1920}, {'href': 'https://images-assets.nasa.gov/image/KSC-2011-1966/KSC-2011-1966~orig.jpg', 'rel': 'canonical', 'render': 'image', 'height': 3000, 'width': 2008, 'size': 706000}]"
95,KSC-2011-1962,2011-03-01T00:00:00Z,"['ELV, Delta II, science, research, climate change, Earth mission']",image,"VANDENBERG AIR FORCE BASE, Calif. -- The first stage of the Delta II rocket that will carry NASA's Aquarius satellite into low Earth orbit arrives to the launch pad at Vandenberg Air Force Base's Space Launch Complex-2 (SLC-2) in California. While the Delta II rocket is stacked on SLC-2, teams for NASA's Glory spacecraft and Orbital Sciences Taurus XL rocket are in launch preparation mode at Vandenberg's nearby Space Launch Complex 576-E.      Scheduled to launch in June, Aquarius' mission will be to provide monthly maps of global changes in sea surface salinity. By measuring ocean salinity from space, Aquarius will provide new insights into how the massive natural exchange of freshwater between the ocean, atmosphere and sea ice influences ocean circulation, weather and climate. Also going up with the satellite are optical and thermal cameras, a microwave radiometer and the SAC-D spacecraft, which were developed with the help of institutions in Italy, France, Canada and Argentina. Photo credit: NASA/VAFB",KSC-2011-1962,"[{'href': 'https://images-assets.nasa.gov/image/KSC-2011-1962/KSC-2011-1962~medium.jpg', 'rel': 'alternate', 'render': 'image', 'width': 856, 'size': 91000, 'height': 1280}, {'href': 'https://images-assets.nasa.gov/image/KSC-2011-1962/KSC-2011-1962~small.jpg', 'rel': 'alternate', 'render': 'image', 'width': 428, 'size': 27000, 'height': 640}, {'href': 'https://images-assets.nasa.gov/image/KSC-2011-1962/KSC-2011-1962~thumb.jpg', 'rel': 'preview', 'render': 'image', 'width': 428, 'size': 27000, 'height': 640}, {'href': 'https://images-assets.nasa.gov/image/KSC-2011-1962/KSC-2011-1962~large.jpg', 'rel': 'alternate', 'render': 'image', 'width': 1285, 'size': 184000, 'height': 1920}, {'href': 'https://images-assets.nasa.gov/image/KSC-2011-1962/KSC-2011-1962~orig.jpg', 'rel': 'canonical', 'render': 'image', 'height': 3000, 'width': 2008, 'size': 565000}]"
96,KSC-2011-1969,2011-03-01T00:00:00Z,"['ELV, Delta II, science, research, climate change, Earth mission']",image,"VANDENBERG AIR FORCE BASE, Calif. -- Technicians guide the first stage of the Delta II rocket that will carry NASA's Aquarius satellite into low Earth orbit onto the launch pad at Vandenberg Air Force Base's Space Launch Complex-2 (SLC-2) in California. While the Delta II rocket is stacked on SLC-2, teams for NASA's Glory spacecraft and Orbital Sciences Taurus XL rocket are in launch preparation mode at Vandenberg's nearby Space Launch Complex 576-E.        Scheduled to launch in June, Aquarius' mission will be to provide monthly maps of global changes in sea surface salinity. By measuring ocean salinity from space, Aquarius will provide new insights into how the massive natural exchange of freshwater between the ocean, atmosphere and sea ice influences ocean circulation, weather and climate. Also going up with the satellite are optical and thermal cameras, a microwave radiometer and the SAC-D spacecraft, which were developed with the help of institutions in Italy, France, Canada and Argentina. Photo credit: NASA/VAFB",KSC-2011-1969,"[{'href': 'https://images-assets.nasa.gov/image/KSC-2011-1969/KSC-2011-1969~medium.jpg', 'rel': 'alternate', 'render': 'image', 'width': 856, 'size': 155000, 'height': 1280}, {'href': 'https://images-assets.nasa.gov/image/KSC-2011-1969/KSC-2011-1969~small.jpg', 'rel': 'alternate', 'render': 'image', 'width': 428, 'size': 47000, 'height': 640}, {'href': 'https://images-assets.nasa.gov/image/KSC-2011-1969/KSC-2011-1969~thumb.jpg', 'rel': 'preview', 'render': 'image', 'width': 428, 'size': 47000, 'height': 640}, {'href': 'https://images-assets.nasa.gov/image/KSC-2011-1969/KSC-2011-1969~large.jpg', 'rel': 'alternate', 'render': 'image', 'width': 1285, 'size': 299000, 'height': 1920}, {'href': 'https://images-assets.nasa.gov/image/KSC-2011-1969/KSC-2011-1969~orig.jpg', 'rel': 'canonical', 'render': 'image', 'height': 3000, 'width': 2008, 'size': 854000}]"
97,PREFIRE: A Mission to Better Understand Earth’s Polar Regions (Mission Overview),2024-05-16T00:00:00Z,"['NASA', 'JPL', 'Jet Propulsion Laboratory', 'Jet Propulsion Lab', 'University of Wisconsin-Madison', 'weather models', 'climate', 'climate change', 'climate models', 'climate predictions', 'weather predictions', 'forecast', 'forecast predictions', 'poles', 'polar regions', 'Arctic', 'Antarctic', 'sun', 'space', 'energy', 'global warming', 'heat loss', 'rising sea levels', 'satellites', 'CubeSats', 'polar orbit', 'wavelengths', 'infrared', 'far-infrared', 'far infrared', 'spectrometer', 'instrument', 'spectrum', 'rainbow', ""Tristan L'Ecuyer"", 'Natasha Vos', 'Sharmila Padmanabhan']",video,"NASA’s PREFIRE mission aims to improve global climate change predictions by expanding our understanding of heat loss at the polar regions. The Polar Radiant Energy in the Far-InfraRed Experiment (PREFIRE) will send two shoebox-size satellites into space to study the Arctic and Antarctic. They’ll be the first to systematically measure heat in the form of far-infrared radiation emitted from those regions.   Earth absorbs much of the Sun’s energy at the tropics. Weather and ocean currents then move that heat toward the poles, which help regulate Earth’s climate by radiating that heat back into space. But the Arctic is warming about three times faster than anywhere else on Earth, and that’s leading to increased ice sheet melt and sea level rise in coastal communities. The data from PREFIRE will help scientists better understand how Earth’s polar regions respond to climate change and what that might mean for the future.  For more information: https://science.nasa.gov/mission/prefire   Credit: NASA/JPL-Caltech/University of Wisconsin   ",JPL-20240516-PRFIREf-0001-PREFIRE Overview Video,"[{'href': 'https://images-assets.nasa.gov/video/JPL-20240516-PRFIREf-0001-PREFIRE Overview Video/JPL-20240516-PRFIREf-0001-PREFIRE Overview Video~large.jpg', 'rel': 'alternate', 'render': 'image', 'width': 800, 'size': 36000, 'height': 450}, {'href': 'https://images-assets.nasa.gov/video/JPL-20240516-PRFIREf-0001-PREFIRE Overview Video/JPL-20240516-PRFIREf-0001-PREFIRE Overview Video~medium.jpg', 'rel': 'alternate', 'render': 'image', 'width': 400, 'size': 15000, 'height': 225}, {'href': 'https://images-assets.nasa.gov/video/JPL-20240516-PRFIREf-0001-PREFIRE Overview Video/JPL-20240516-PRFIREf-0001-PREFIRE Overview Video~small.jpg', 'rel': 'alternate', 'render': 'image', 'width': 200, 'size': 5800, 'height': 112}, {'href': 'https://images-assets.nasa.gov/video/JPL-20240516-PRFIREf-0001-PREFIRE Overview Video/JPL-20240516-PRFIREf-0001-PREFIRE Overview Video~thumb.jpg', 'rel': 'preview', 'render': 'image', 'width': 300, 'size': 9500, 'height': 168}, {'href': 'https://images-assets.nasa.gov/video/JPL-20240516-PRFIREf-0001-PREFIRE Overview Video/JPL-20240516-PRFIREf-0001-PREFIRE Overview Video.srt', 'rel': 'captions'}]"
98,NASA Science Live: Connected by Earth [Episode 31],2021-04-22T00:00:00Z,"['NASA Science Live', 'NSL', 'Kimberley R. Miner', 'Lesley Ott', 'Equisha Glenn', '#askNASA', '#ConnectedByEarth', '@NASAEarth', '@NASAClimate', 'Climate change', 'Global warming', 'Earth Day']",video,"This year at NASA, Earth Day is about connections—to our planet and to each other. Our planet is home to over 7 billion people of diverse backgrounds and experiences, but we are all #ConnectedByEarth. Join NASA climate experts to learn about the connections between human activity and climate change. Tag your questions using #askNASA to have your questions answered live during our Earth Day episode of #NASAScience Live on #EarthDay: Thursday, April 22. --Dr. Kimberley R. Miner, Climate Scientist, Host, NASA JPL-- Dr. Lesley Ott, Climate Scientist, NASA Goddard-- Equisha Glenn, Graduate Student Research Assistant, NASA GISS",GSFC_20210422_NSL_Ep31,"[{'href': 'https://images-assets.nasa.gov/video/GSFC_20210422_NSL_Ep31/GSFC_20210422_NSL_Ep31~large.jpg', 'rel': 'alternate', 'render': 'image', 'width': 800, 'size': 31000, 'height': 450}, {'href': 'https://images-assets.nasa.gov/video/GSFC_20210422_NSL_Ep31/GSFC_20210422_NSL_Ep31~medium.jpg', 'rel': 'alternate', 'render': 'image', 'width': 400, 'size': 13000, 'height': 225}, {'href': 'https://images-assets.nasa.gov/video/GSFC_20210422_NSL_Ep31/GSFC_20210422_NSL_Ep31~small.jpg', 'rel': 'alternate', 'render': 'image', 'width': 200, 'size': 6400, 'height': 112}, {'href': 'https://images-assets.nasa.gov/video/GSFC_20210422_NSL_Ep31/GSFC_20210422_NSL_Ep31~thumb.jpg', 'rel': 'preview', 'render': 'image', 'width': 300, 'size': 11000, 'height': 168}, {'href': 'https://images-assets.nasa.gov/video/GSFC_20210422_NSL_Ep31/GSFC_20210422_NSL_Ep31.srt', 'rel': 'captions'}]"
99,NASA Evaluates New Threats to Earth’s Ozone Layer,2017-12-08T00:00:00Z,"['Antarctic', 'Earth', 'Ozone Hole', 'Ozone Depletion', 'Ozone', 'Climate Change', 'Atmospheric Science', 'Montreal Protocol']",video,"Scientists are closely monitoring positive signs of recovery of the Earth’s stratospheric ozone layer, which is depleted by the use of chemicals called chlorofluorocarbons (CFCs) for a range of industrial and commercial purposes. Even after the landmark Montreal Protocol banned these substances in the late 1980s, threats to the ozone layer persist. Scientists at NASA’s Goddard Space Flight Center including Susan Strahan and Qing Liang (both NASA/USRA) are weighing in to an ongoing debate about the relative impacts of continuing sources of ozone depletion, including short-lived chemicals not banned by the Protocol, the effects of climate change, and banned chemicals that are still being released into the atmosphere. All could potentially delay the recovery of the seasonal ozone hole over Antarctica.",GSFC_20171208_Ozone_m12797_Future,"[{'href': 'https://images-assets.nasa.gov/video/GSFC_20171208_Ozone_m12797_Future/GSFC_20171208_Ozone_m12797_Future~large.jpg', 'rel': 'alternate', 'render': 'image', 'width': 800, 'size': 22000, 'height': 450}, {'href': 'https://images-assets.nasa.gov/video/GSFC_20171208_Ozone_m12797_Future/GSFC_20171208_Ozone_m12797_Future~medium.jpg', 'rel': 'alternate', 'render': 'image', 'width': 400, 'size': 9600, 'height': 225}, {'href': 'https://images-assets.nasa.gov/video/GSFC_20171208_Ozone_m12797_Future/GSFC_20171208_Ozone_m12797_Future~small.jpg', 'rel': 'alternate', 'render': 'image', 'width': 200, 'size': 3200, 'height': 112}, {'href': 'https://images-assets.nasa.gov/video/GSFC_20171208_Ozone_m12797_Future/GSFC_20171208_Ozone_m12797_Future~thumb.jpg', 'rel': 'preview', 'render': 'image', 'width': 300, 'size': 6100, 'height': 168}, {'href': 'https://images-assets.nasa.gov/video/GSFC_20171208_Ozone_m12797_Future/GSFC_20171208_Ozone_m12797_Future.vtt', 'rel': 'captions'}]"
