Column,count,title,keywords,media_type,nasa_id,links
0,1,NASA Administrator Bill Nelson | Answering Climate Change from Above,NASA,video,NASA Administrator Bill Nelson - Answering Climate Change from Above,https://images-assets.nasa.gov/video/NASA%20Administrator%20Bill%20Nelson%20-%20Answering%20Climate%20Change%20from%20Above/NASA%20Administrator%20Bill%20Nelson%20-%20Answering%20Climate%20Change%20from%20Above~large.jpg
,2,NASA Administrator Bill Nelson | Answering Climate Change from Above,NASA Administrator Bill Nelson,video,NASA Administrator Bill Nelson - Answering Climate Change from Above,https://images-assets.nasa.gov/video/NASA%20Administrator%20Bill%20Nelson%20-%20Answering%20Climate%20Change%20from%20Above/NASA%20Administrator%20Bill%20Nelson%20-%20Answering%20Climate%20Change%20from%20Above~large.jpg
,3,NASA Administrator Bill Nelson | Answering Climate Change from Above,Climate Change,video,NASA Administrator Bill Nelson - Answering Climate Change from Above,https://images-assets.nasa.gov/video/NASA%20Administrator%20Bill%20Nelson%20-%20Answering%20Climate%20Change%20from%20Above/NASA%20Administrator%20Bill%20Nelson%20-%20Answering%20Climate%20Change%20from%20Above~large.jpg
1,4,Is Climate Change the Same as Global Warming? We Asked A NASA Expert,We Asked A NASA Expert,video,Is Climate Change the Same as Global Warming_ - Horizontal Video,https://images-assets.nasa.gov/video/Is%20Climate%20Change%20the%20Same%20as%20Global%20Warming_%20-%20Horizontal%20Video/Is%20Climate%20Change%20the%20Same%20as%20Global%20Warming_%20-%20Horizontal%20Video~large.jpg
,5,Is Climate Change the Same as Global Warming? We Asked A NASA Expert,Climate Change,video,Is Climate Change the Same as Global Warming_ - Horizontal Video,https://images-assets.nasa.gov/video/Is%20Climate%20Change%20the%20Same%20as%20Global%20Warming_%20-%20Horizontal%20Video/Is%20Climate%20Change%20the%20Same%20as%20Global%20Warming_%20-%20Horizontal%20Video~large.jpg
,6,Is Climate Change the Same as Global Warming? We Asked A NASA Expert,Global Warming,video,Is Climate Change the Same as Global Warming_ - Horizontal Video,https://images-assets.nasa.gov/video/Is%20Climate%20Change%20the%20Same%20as%20Global%20Warming_%20-%20Horizontal%20Video/Is%20Climate%20Change%20the%20Same%20as%20Global%20Warming_%20-%20Horizontal%20Video~large.jpg
,7,Is Climate Change the Same as Global Warming? We Asked A NASA Expert,Earth,video,Is Climate Change the Same as Global Warming_ - Horizontal Video,https://images-assets.nasa.gov/video/Is%20Climate%20Change%20the%20Same%20as%20Global%20Warming_%20-%20Horizontal%20Video/Is%20Climate%20Change%20the%20Same%20as%20Global%20Warming_%20-%20Horizontal%20Video~large.jpg
,8,Is Climate Change the Same as Global Warming? We Asked A NASA Expert,Greenhouse Gases,video,Is Climate Change the Same as Global Warming_ - Horizontal Video,https://images-assets.nasa.gov/video/Is%20Climate%20Change%20the%20Same%20as%20Global%20Warming_%20-%20Horizontal%20Video/Is%20Climate%20Change%20the%20Same%20as%20Global%20Warming_%20-%20Horizontal%20Video~large.jpg
2,9,Ask A Climate Scientist - Climate Change and Humans,Precipitation,video,GSFC_20131203_AACS_m11426_Affect_Humans,https://images-assets.nasa.gov/video/GSFC_20131203_AACS_m11426_Affect_Humans/GSFC_20131203_AACS_m11426_Affect_Humans~large.jpg
,10,Ask A Climate Scientist - Climate Change and Humans,Sea Level Rise,video,GSFC_20131203_AACS_m11426_Affect_Humans,https://images-assets.nasa.gov/video/GSFC_20131203_AACS_m11426_Affect_Humans/GSFC_20131203_AACS_m11426_Affect_Humans~large.jpg
,11,Ask A Climate Scientist - Climate Change and Humans,Climate Change,video,GSFC_20131203_AACS_m11426_Affect_Humans,https://images-assets.nasa.gov/video/GSFC_20131203_AACS_m11426_Affect_Humans/GSFC_20131203_AACS_m11426_Affect_Humans~large.jpg
,12,Ask A Climate Scientist - Climate Change and Humans,Food Supply,video,GSFC_20131203_AACS_m11426_Affect_Humans,https://images-assets.nasa.gov/video/GSFC_20131203_AACS_m11426_Affect_Humans/GSFC_20131203_AACS_m11426_Affect_Humans~large.jpg
,13,Ask A Climate Scientist - Climate Change and Humans,Earth,video,GSFC_20131203_AACS_m11426_Affect_Humans,https://images-assets.nasa.gov/video/GSFC_20131203_AACS_m11426_Affect_Humans/GSFC_20131203_AACS_m11426_Affect_Humans~large.jpg
3,14,NASA Scientists Help Citites Prepare for Climate Change,Earth,video,GSFC_20161116_Climate_m12426_Change,https://images-assets.nasa.gov/video/GSFC_20161116_Climate_m12426_Change/GSFC_20161116_Climate_m12426_Change~large.jpg
,15,NASA Scientists Help Citites Prepare for Climate Change,Landsat,video,GSFC_20161116_Climate_m12426_Change,https://images-assets.nasa.gov/video/GSFC_20161116_Climate_m12426_Change/GSFC_20161116_Climate_m12426_Change~large.jpg
,16,NASA Scientists Help Citites Prepare for Climate Change,New York City,video,GSFC_20161116_Climate_m12426_Change,https://images-assets.nasa.gov/video/GSFC_20161116_Climate_m12426_Change/GSFC_20161116_Climate_m12426_Change~large.jpg
,17,NASA Scientists Help Citites Prepare for Climate Change,Earth Science,video,GSFC_20161116_Climate_m12426_Change,https://images-assets.nasa.gov/video/GSFC_20161116_Climate_m12426_Change/GSFC_20161116_Climate_m12426_Change~large.jpg
,18,NASA Scientists Help Citites Prepare for Climate Change,Climate Change,video,GSFC_20161116_Climate_m12426_Change,https://images-assets.nasa.gov/video/GSFC_20161116_Climate_m12426_Change/GSFC_20161116_Climate_m12426_Change~large.jpg
,19,NASA Scientists Help Citites Prepare for Climate Change,MODIS,video,GSFC_20161116_Climate_m12426_Change,https://images-assets.nasa.gov/video/GSFC_20161116_Climate_m12426_Change/GSFC_20161116_Climate_m12426_Change~large.jpg
4,20,Ask A Climate Scientist - Food Production,Climate Change,video,GSFC_20130918_AACS_m11356_Food,https://images-assets.nasa.gov/video/GSFC_20130918_AACS_m11356_Food/GSFC_20130918_AACS_m11356_Food~large.jpg
,21,Ask A Climate Scientist - Food Production,Food Supply,video,GSFC_20130918_AACS_m11356_Food,https://images-assets.nasa.gov/video/GSFC_20130918_AACS_m11356_Food/GSFC_20130918_AACS_m11356_Food~large.jpg
,22,Ask A Climate Scientist - Food Production,Earth,video,GSFC_20130918_AACS_m11356_Food,https://images-assets.nasa.gov/video/GSFC_20130918_AACS_m11356_Food/GSFC_20130918_AACS_m11356_Food~large.jpg
5,23,Gary Jedlovec Climate Change Presentation to Green Team,MSFC,image,MSFC-201901694,https://images-assets.nasa.gov/image/MSFC-201901694/MSFC-201901694~medium.jpg
,24,Gary Jedlovec Climate Change Presentation to Green Team,Gary Jedlovec,image,MSFC-201901694,https://images-assets.nasa.gov/image/MSFC-201901694/MSFC-201901694~medium.jpg
,25,Gary Jedlovec Climate Change Presentation to Green Team,Green Team,image,MSFC-201901694,https://images-assets.nasa.gov/image/MSFC-201901694/MSFC-201901694~medium.jpg
,26,Gary Jedlovec Climate Change Presentation to Green Team,Climate Change,image,MSFC-201901694,https://images-assets.nasa.gov/image/MSFC-201901694/MSFC-201901694~medium.jpg
6,27,MOC Observes Changes in the South Polar Cap: Evidence for Recent Climate Change on Mars,Mars,image,PIA03179,https://images-assets.nasa.gov/image/PIA03179/PIA03179~thumb.jpg
,28,MOC Observes Changes in the South Polar Cap: Evidence for Recent Climate Change on Mars,Mars Global Surveyor MGS,image,PIA03179,https://images-assets.nasa.gov/image/PIA03179/PIA03179~thumb.jpg
7,29,NASA Early Career Research Program - Climate Change Research Ini,Climate Change Research Initiative (CCRI),image,NHQ202408070019,https://images-assets.nasa.gov/image/NHQ202408070019/NHQ202408070019~medium.jpg
,30,NASA Early Career Research Program - Climate Change Research Ini,DC,image,NHQ202408070019,https://images-assets.nasa.gov/image/NHQ202408070019/NHQ202408070019~medium.jpg
,31,NASA Early Career Research Program - Climate Change Research Ini,Mary W. Jackson NASA Headquarters,image,NHQ202408070019,https://images-assets.nasa.gov/image/NHQ202408070019/NHQ202408070019~medium.jpg
,32,NASA Early Career Research Program - Climate Change Research Ini,NASA Early Career Research Program (ECR),image,NHQ202408070019,https://images-assets.nasa.gov/image/NHQ202408070019/NHQ202408070019~medium.jpg
,33,NASA Early Career Research Program - Climate Change Research Ini,Washington,image,NHQ202408070019,https://images-assets.nasa.gov/image/NHQ202408070019/NHQ202408070019~medium.jpg
8,34,NASA Early Career Research Program - Climate Change Research Ini,Climate Change Research Initiative (CCRI),image,NHQ202408070014,https://images-assets.nasa.gov/image/NHQ202408070014/NHQ202408070014~medium.jpg
,35,NASA Early Career Research Program - Climate Change Research Ini,DC,image,NHQ202408070014,https://images-assets.nasa.gov/image/NHQ202408070014/NHQ202408070014~medium.jpg
,36,NASA Early Career Research Program - Climate Change Research Ini,Mary W. Jackson NASA Headquarters,image,NHQ202408070014,https://images-assets.nasa.gov/image/NHQ202408070014/NHQ202408070014~medium.jpg
,37,NASA Early Career Research Program - Climate Change Research Ini,NASA Early Career Research Program (ECR),image,NHQ202408070014,https://images-assets.nasa.gov/image/NHQ202408070014/NHQ202408070014~medium.jpg
,38,NASA Early Career Research Program - Climate Change Research Ini,Washington,image,NHQ202408070014,https://images-assets.nasa.gov/image/NHQ202408070014/NHQ202408070014~medium.jpg
9,39,NASA Early Career Research Program - Climate Change Research Ini,Climate Change Research Initiative (CCRI),image,NHQ202408070007,https://images-assets.nasa.gov/image/NHQ202408070007/NHQ202408070007~medium.jpg
,40,NASA Early Career Research Program - Climate Change Research Ini,DC,image,NHQ202408070007,https://images-assets.nasa.gov/image/NHQ202408070007/NHQ202408070007~medium.jpg
,41,NASA Early Career Research Program - Climate Change Research Ini,Mary W. Jackson NASA Headquarters,image,NHQ202408070007,https://images-assets.nasa.gov/image/NHQ202408070007/NHQ202408070007~medium.jpg
,42,NASA Early Career Research Program - Climate Change Research Ini,NASA Early Career Research Program (ECR),image,NHQ202408070007,https://images-assets.nasa.gov/image/NHQ202408070007/NHQ202408070007~medium.jpg
,43,NASA Early Career Research Program - Climate Change Research Ini,Washington,image,NHQ202408070007,https://images-assets.nasa.gov/image/NHQ202408070007/NHQ202408070007~medium.jpg
10,44,NASA Early Career Research Program - Climate Change Research Ini,Climate Change Research Initiative (CCRI),image,NHQ202408070018,https://images-assets.nasa.gov/image/NHQ202408070018/NHQ202408070018~medium.jpg
,45,NASA Early Career Research Program - Climate Change Research Ini,DC,image,NHQ202408070018,https://images-assets.nasa.gov/image/NHQ202408070018/NHQ202408070018~medium.jpg
,46,NASA Early Career Research Program - Climate Change Research Ini,Mary W. Jackson NASA Headquarters,image,NHQ202408070018,https://images-assets.nasa.gov/image/NHQ202408070018/NHQ202408070018~medium.jpg
,47,NASA Early Career Research Program - Climate Change Research Ini,NASA Early Career Research Program (ECR),image,NHQ202408070018,https://images-assets.nasa.gov/image/NHQ202408070018/NHQ202408070018~medium.jpg
,48,NASA Early Career Research Program - Climate Change Research Ini,Washington,image,NHQ202408070018,https://images-assets.nasa.gov/image/NHQ202408070018/NHQ202408070018~medium.jpg
11,49,NASA Early Career Research Program - Climate Change Research Ini,Climate Change Research Initiative (CCRI),image,NHQ202408070008,https://images-assets.nasa.gov/image/NHQ202408070008/NHQ202408070008~medium.jpg
,50,NASA Early Career Research Program - Climate Change Research Ini,DC,image,NHQ202408070008,https://images-assets.nasa.gov/image/NHQ202408070008/NHQ202408070008~medium.jpg
,51,NASA Early Career Research Program - Climate Change Research Ini,Mary W. Jackson NASA Headquarters,image,NHQ202408070008,https://images-assets.nasa.gov/image/NHQ202408070008/NHQ202408070008~medium.jpg
,52,NASA Early Career Research Program - Climate Change Research Ini,NASA Early Career Research Program (ECR),image,NHQ202408070008,https://images-assets.nasa.gov/image/NHQ202408070008/NHQ202408070008~medium.jpg
,53,NASA Early Career Research Program - Climate Change Research Ini,Washington,image,NHQ202408070008,https://images-assets.nasa.gov/image/NHQ202408070008/NHQ202408070008~medium.jpg
12,54,NASA Early Career Research Program - Climate Change Research Ini,Climate Change Research Initiative (CCRI),image,NHQ202408070013,https://images-assets.nasa.gov/image/NHQ202408070013/NHQ202408070013~medium.jpg
,55,NASA Early Career Research Program - Climate Change Research Ini,DC,image,NHQ202408070013,https://images-assets.nasa.gov/image/NHQ202408070013/NHQ202408070013~medium.jpg
,56,NASA Early Career Research Program - Climate Change Research Ini,Mary W. Jackson NASA Headquarters,image,NHQ202408070013,https://images-assets.nasa.gov/image/NHQ202408070013/NHQ202408070013~medium.jpg
,57,NASA Early Career Research Program - Climate Change Research Ini,Matthew Pearce,image,NHQ202408070013,https://images-assets.nasa.gov/image/NHQ202408070013/NHQ202408070013~medium.jpg
,58,NASA Early Career Research Program - Climate Change Research Ini,NASA Early Career Research Program (ECR),image,NHQ202408070013,https://images-assets.nasa.gov/image/NHQ202408070013/NHQ202408070013~medium.jpg
,59,NASA Early Career Research Program - Climate Change Research Ini,Washington,image,NHQ202408070013,https://images-assets.nasa.gov/image/NHQ202408070013/NHQ202408070013~medium.jpg
13,60,NASA Early Career Research Program - Climate Change Research Ini,Climate Change Research Initiative (CCRI),image,NHQ202408070012,https://images-assets.nasa.gov/image/NHQ202408070012/NHQ202408070012~medium.jpg
,61,NASA Early Career Research Program - Climate Change Research Ini,DC,image,NHQ202408070012,https://images-assets.nasa.gov/image/NHQ202408070012/NHQ202408070012~medium.jpg
,62,NASA Early Career Research Program - Climate Change Research Ini,Mary W. Jackson NASA Headquarters,image,NHQ202408070012,https://images-assets.nasa.gov/image/NHQ202408070012/NHQ202408070012~medium.jpg
,63,NASA Early Career Research Program - Climate Change Research Ini,Matthew Pearce,image,NHQ202408070012,https://images-assets.nasa.gov/image/NHQ202408070012/NHQ202408070012~medium.jpg
,64,NASA Early Career Research Program - Climate Change Research Ini,NASA Early Career Research Program (ECR),image,NHQ202408070012,https://images-assets.nasa.gov/image/NHQ202408070012/NHQ202408070012~medium.jpg
,65,NASA Early Career Research Program - Climate Change Research Ini,Washington,image,NHQ202408070012,https://images-assets.nasa.gov/image/NHQ202408070012/NHQ202408070012~medium.jpg
14,66,NASA Early Career Research Program - Climate Change Research Ini,Climate Change Research Initiative (CCRI),image,NHQ202408070016,https://images-assets.nasa.gov/image/NHQ202408070016/NHQ202408070016~medium.jpg
,67,NASA Early Career Research Program - Climate Change Research Ini,DC,image,NHQ202408070016,https://images-assets.nasa.gov/image/NHQ202408070016/NHQ202408070016~medium.jpg
,68,NASA Early Career Research Program - Climate Change Research Ini,Mary W. Jackson NASA Headquarters,image,NHQ202408070016,https://images-assets.nasa.gov/image/NHQ202408070016/NHQ202408070016~medium.jpg
,69,NASA Early Career Research Program - Climate Change Research Ini,NASA Early Career Research Program (ECR),image,NHQ202408070016,https://images-assets.nasa.gov/image/NHQ202408070016/NHQ202408070016~medium.jpg
,70,NASA Early Career Research Program - Climate Change Research Ini,Washington,image,NHQ202408070016,https://images-assets.nasa.gov/image/NHQ202408070016/NHQ202408070016~medium.jpg
15,71,NASA Early Career Research Program - Climate Change Research Ini,Climate Change Research Initiative (CCRI),image,NHQ202408070010,https://images-assets.nasa.gov/image/NHQ202408070010/NHQ202408070010~medium.jpg
,72,NASA Early Career Research Program - Climate Change Research Ini,DC,image,NHQ202408070010,https://images-assets.nasa.gov/image/NHQ202408070010/NHQ202408070010~medium.jpg
,73,NASA Early Career Research Program - Climate Change Research Ini,Jack Kaye,image,NHQ202408070010,https://images-assets.nasa.gov/image/NHQ202408070010/NHQ202408070010~medium.jpg
,74,NASA Early Career Research Program - Climate Change Research Ini,Mary W. Jackson NASA Headquarters,image,NHQ202408070010,https://images-assets.nasa.gov/image/NHQ202408070010/NHQ202408070010~medium.jpg
,75,NASA Early Career Research Program - Climate Change Research Ini,NASA Early Career Research Program (ECR),image,NHQ202408070010,https://images-assets.nasa.gov/image/NHQ202408070010/NHQ202408070010~medium.jpg
,76,NASA Early Career Research Program - Climate Change Research Ini,Washington,image,NHQ202408070010,https://images-assets.nasa.gov/image/NHQ202408070010/NHQ202408070010~medium.jpg
16,77,NASA Early Career Research Program - Climate Change Research Ini,Climate Change Research Initiative (CCRI),image,NHQ202408070011,https://images-assets.nasa.gov/image/NHQ202408070011/NHQ202408070011~medium.jpg
,78,NASA Early Career Research Program - Climate Change Research Ini,Cynthia Hall,image,NHQ202408070011,https://images-assets.nasa.gov/image/NHQ202408070011/NHQ202408070011~medium.jpg
,79,NASA Early Career Research Program - Climate Change Research Ini,DC,image,NHQ202408070011,https://images-assets.nasa.gov/image/NHQ202408070011/NHQ202408070011~medium.jpg
,80,NASA Early Career Research Program - Climate Change Research Ini,Mary W. Jackson NASA Headquarters,image,NHQ202408070011,https://images-assets.nasa.gov/image/NHQ202408070011/NHQ202408070011~medium.jpg
,81,NASA Early Career Research Program - Climate Change Research Ini,NASA Early Career Research Program (ECR),image,NHQ202408070011,https://images-assets.nasa.gov/image/NHQ202408070011/NHQ202408070011~medium.jpg
,82,NASA Early Career Research Program - Climate Change Research Ini,Washington,image,NHQ202408070011,https://images-assets.nasa.gov/image/NHQ202408070011/NHQ202408070011~medium.jpg
17,83,NASA Early Career Research Program - Climate Change Research Ini,Climate Change Research Initiative (CCRI),image,NHQ202408070020,https://images-assets.nasa.gov/image/NHQ202408070020/NHQ202408070020~medium.jpg
,84,NASA Early Career Research Program - Climate Change Research Ini,DC,image,NHQ202408070020,https://images-assets.nasa.gov/image/NHQ202408070020/NHQ202408070020~medium.jpg
,85,NASA Early Career Research Program - Climate Change Research Ini,Mary W. Jackson NASA Headquarters,image,NHQ202408070020,https://images-assets.nasa.gov/image/NHQ202408070020/NHQ202408070020~medium.jpg
,86,NASA Early Career Research Program - Climate Change Research Ini,NASA Early Career Research Program (ECR),image,NHQ202408070020,https://images-assets.nasa.gov/image/NHQ202408070020/NHQ202408070020~medium.jpg
,87,NASA Early Career Research Program - Climate Change Research Ini,Washington,image,NHQ202408070020,https://images-assets.nasa.gov/image/NHQ202408070020/NHQ202408070020~medium.jpg
18,88,NASA Early Career Research Program - Climate Change Research Ini,Climate Change Research Initiative (CCRI),image,NHQ202408070001,https://images-assets.nasa.gov/image/NHQ202408070001/NHQ202408070001~medium.jpg
,89,NASA Early Career Research Program - Climate Change Research Ini,DC,image,NHQ202408070001,https://images-assets.nasa.gov/image/NHQ202408070001/NHQ202408070001~medium.jpg
,90,NASA Early Career Research Program - Climate Change Research Ini,Kate Calvin,image,NHQ202408070001,https://images-assets.nasa.gov/image/NHQ202408070001/NHQ202408070001~medium.jpg
,91,NASA Early Career Research Program - Climate Change Research Ini,Mary W. Jackson NASA Headquarters,image,NHQ202408070001,https://images-assets.nasa.gov/image/NHQ202408070001/NHQ202408070001~medium.jpg
,92,NASA Early Career Research Program - Climate Change Research Ini,NASA Early Career Research Program (ECR),image,NHQ202408070001,https://images-assets.nasa.gov/image/NHQ202408070001/NHQ202408070001~medium.jpg
,93,NASA Early Career Research Program - Climate Change Research Ini,Washington,image,NHQ202408070001,https://images-assets.nasa.gov/image/NHQ202408070001/NHQ202408070001~medium.jpg
19,94,NASA Early Career Research Program - Climate Change Research Ini,Climate Change Research Initiative (CCRI),image,NHQ202408070009,https://images-assets.nasa.gov/image/NHQ202408070009/NHQ202408070009~medium.jpg
,95,NASA Early Career Research Program - Climate Change Research Ini,DC,image,NHQ202408070009,https://images-assets.nasa.gov/image/NHQ202408070009/NHQ202408070009~medium.jpg
,96,NASA Early Career Research Program - Climate Change Research Ini,Jack Kaye,image,NHQ202408070009,https://images-assets.nasa.gov/image/NHQ202408070009/NHQ202408070009~medium.jpg
,97,NASA Early Career Research Program - Climate Change Research Ini,Mary W. Jackson NASA Headquarters,image,NHQ202408070009,https://images-assets.nasa.gov/image/NHQ202408070009/NHQ202408070009~medium.jpg
,98,NASA Early Career Research Program - Climate Change Research Ini,NASA Early Career Research Program (ECR),image,NHQ202408070009,https://images-assets.nasa.gov/image/NHQ202408070009/NHQ202408070009~medium.jpg
,99,NASA Early Career Research Program - Climate Change Research Ini,Washington,image,NHQ202408070009,https://images-assets.nasa.gov/image/NHQ202408070009/NHQ202408070009~medium.jpg
20,100,NASA Early Career Research Program - Climate Change Research Ini,Climate Change Research Initiative (CCRI),image,NHQ202408070017,https://images-assets.nasa.gov/image/NHQ202408070017/NHQ202408070017~medium.jpg
,101,NASA Early Career Research Program - Climate Change Research Ini,DC,image,NHQ202408070017,https://images-assets.nasa.gov/image/NHQ202408070017/NHQ202408070017~medium.jpg
,102,NASA Early Career Research Program - Climate Change Research Ini,Mary W. Jackson NASA Headquarters,image,NHQ202408070017,https://images-assets.nasa.gov/image/NHQ202408070017/NHQ202408070017~medium.jpg
,103,NASA Early Career Research Program - Climate Change Research Ini,NASA Early Career Research Program (ECR),image,NHQ202408070017,https://images-assets.nasa.gov/image/NHQ202408070017/NHQ202408070017~medium.jpg
,104,NASA Early Career Research Program - Climate Change Research Ini,Washington,image,NHQ202408070017,https://images-assets.nasa.gov/image/NHQ202408070017/NHQ202408070017~medium.jpg
21,105,NASA Early Career Research Program - Climate Change Research Ini,Climate Change Research Initiative (CCRI),image,NHQ202408070015,https://images-assets.nasa.gov/image/NHQ202408070015/NHQ202408070015~medium.jpg
,106,NASA Early Career Research Program - Climate Change Research Ini,DC,image,NHQ202408070015,https://images-assets.nasa.gov/image/NHQ202408070015/NHQ202408070015~medium.jpg
,107,NASA Early Career Research Program - Climate Change Research Ini,Mary W. Jackson NASA Headquarters,image,NHQ202408070015,https://images-assets.nasa.gov/image/NHQ202408070015/NHQ202408070015~medium.jpg
,108,NASA Early Career Research Program - Climate Change Research Ini,NASA Early Career Research Program (ECR),image,NHQ202408070015,https://images-assets.nasa.gov/image/NHQ202408070015/NHQ202408070015~medium.jpg
,109,NASA Early Career Research Program - Climate Change Research Ini,Washington,image,NHQ202408070015,https://images-assets.nasa.gov/image/NHQ202408070015/NHQ202408070015~medium.jpg
22,110,NASA Early Career Research Program - Climate Change Research Ini,Climate Change Research Initiative (CCRI),image,NHQ202408070005,https://images-assets.nasa.gov/image/NHQ202408070005/NHQ202408070005~medium.jpg
,111,NASA Early Career Research Program - Climate Change Research Ini,DC,image,NHQ202408070005,https://images-assets.nasa.gov/image/NHQ202408070005/NHQ202408070005~medium.jpg
,112,NASA Early Career Research Program - Climate Change Research Ini,Kate Calvin,image,NHQ202408070005,https://images-assets.nasa.gov/image/NHQ202408070005/NHQ202408070005~medium.jpg
,113,NASA Early Career Research Program - Climate Change Research Ini,Mary W. Jackson NASA Headquarters,image,NHQ202408070005,https://images-assets.nasa.gov/image/NHQ202408070005/NHQ202408070005~medium.jpg
,114,NASA Early Career Research Program - Climate Change Research Ini,NASA Early Career Research Program (ECR),image,NHQ202408070005,https://images-assets.nasa.gov/image/NHQ202408070005/NHQ202408070005~medium.jpg
,115,NASA Early Career Research Program - Climate Change Research Ini,Washington,image,NHQ202408070005,https://images-assets.nasa.gov/image/NHQ202408070005/NHQ202408070005~medium.jpg
23,116,IPCC Projections of Temperature and Precipitation in the 21st Century,Global Warming,video,GSFC_20130927_IPCC m11376_21st,https://images-assets.nasa.gov/video/GSFC_20130927_IPCC%20m11376_21st/GSFC_20130927_IPCC%20m11376_21st~large.jpg
,117,IPCC Projections of Temperature and Precipitation in the 21st Century,Temperature Trend,video,GSFC_20130927_IPCC m11376_21st,https://images-assets.nasa.gov/video/GSFC_20130927_IPCC%20m11376_21st/GSFC_20130927_IPCC%20m11376_21st~large.jpg
,118,IPCC Projections of Temperature and Precipitation in the 21st Century,Precipitation,video,GSFC_20130927_IPCC m11376_21st,https://images-assets.nasa.gov/video/GSFC_20130927_IPCC%20m11376_21st/GSFC_20130927_IPCC%20m11376_21st~large.jpg
,119,IPCC Projections of Temperature and Precipitation in the 21st Century,Climate Change,video,GSFC_20130927_IPCC m11376_21st,https://images-assets.nasa.gov/video/GSFC_20130927_IPCC%20m11376_21st/GSFC_20130927_IPCC%20m11376_21st~large.jpg
,120,IPCC Projections of Temperature and Precipitation in the 21st Century,Climate Patterns,video,GSFC_20130927_IPCC m11376_21st,https://images-assets.nasa.gov/video/GSFC_20130927_IPCC%20m11376_21st/GSFC_20130927_IPCC%20m11376_21st~large.jpg
,121,IPCC Projections of Temperature and Precipitation in the 21st Century,Earth,video,GSFC_20130927_IPCC m11376_21st,https://images-assets.nasa.gov/video/GSFC_20130927_IPCC%20m11376_21st/GSFC_20130927_IPCC%20m11376_21st~large.jpg
24,122,NASA Early Career Research Program - Climate Change Research Ini,Climate Change Research Initiative (CCRI),image,NHQ202408070006,https://images-assets.nasa.gov/image/NHQ202408070006/NHQ202408070006~medium.jpg
,123,NASA Early Career Research Program - Climate Change Research Ini,DC,image,NHQ202408070006,https://images-assets.nasa.gov/image/NHQ202408070006/NHQ202408070006~medium.jpg
,124,NASA Early Career Research Program - Climate Change Research Ini,Karen St. Germain,image,NHQ202408070006,https://images-assets.nasa.gov/image/NHQ202408070006/NHQ202408070006~medium.jpg
,125,NASA Early Career Research Program - Climate Change Research Ini,Mary W. Jackson NASA Headquarters,image,NHQ202408070006,https://images-assets.nasa.gov/image/NHQ202408070006/NHQ202408070006~medium.jpg
,126,NASA Early Career Research Program - Climate Change Research Ini,NASA Early Career Research Program (ECR),image,NHQ202408070006,https://images-assets.nasa.gov/image/NHQ202408070006/NHQ202408070006~medium.jpg
,127,NASA Early Career Research Program - Climate Change Research Ini,Washington,image,NHQ202408070006,https://images-assets.nasa.gov/image/NHQ202408070006/NHQ202408070006~medium.jpg
25,128,NASA Early Career Research Program - Climate Change Research Ini,Climate Change Research Initiative (CCRI),image,NHQ202408070004,https://images-assets.nasa.gov/image/NHQ202408070004/NHQ202408070004~medium.jpg
,129,NASA Early Career Research Program - Climate Change Research Ini,DC,image,NHQ202408070004,https://images-assets.nasa.gov/image/NHQ202408070004/NHQ202408070004~medium.jpg
,130,NASA Early Career Research Program - Climate Change Research Ini,Karen St. Germain,image,NHQ202408070004,https://images-assets.nasa.gov/image/NHQ202408070004/NHQ202408070004~medium.jpg
,131,NASA Early Career Research Program - Climate Change Research Ini,Mary W. Jackson NASA Headquarters,image,NHQ202408070004,https://images-assets.nasa.gov/image/NHQ202408070004/NHQ202408070004~medium.jpg
,132,NASA Early Career Research Program - Climate Change Research Ini,NASA Early Career Research Program (ECR),image,NHQ202408070004,https://images-assets.nasa.gov/image/NHQ202408070004/NHQ202408070004~medium.jpg
,133,NASA Early Career Research Program - Climate Change Research Ini,Washington,image,NHQ202408070004,https://images-assets.nasa.gov/image/NHQ202408070004/NHQ202408070004~medium.jpg
26,134,NASA Early Career Research Program - Climate Change Research Ini,Climate Change Research Initiative (CCRI),image,NHQ202408070002,https://images-assets.nasa.gov/image/NHQ202408070002/NHQ202408070002~medium.jpg
,135,NASA Early Career Research Program - Climate Change Research Ini,DC,image,NHQ202408070002,https://images-assets.nasa.gov/image/NHQ202408070002/NHQ202408070002~medium.jpg
,136,NASA Early Career Research Program - Climate Change Research Ini,Mary W. Jackson NASA Headquarters,image,NHQ202408070002,https://images-assets.nasa.gov/image/NHQ202408070002/NHQ202408070002~medium.jpg
,137,NASA Early Career Research Program - Climate Change Research Ini,NASA Early Career Research Program (ECR),image,NHQ202408070002,https://images-assets.nasa.gov/image/NHQ202408070002/NHQ202408070002~medium.jpg
,138,NASA Early Career Research Program - Climate Change Research Ini,Washington,image,NHQ202408070002,https://images-assets.nasa.gov/image/NHQ202408070002/NHQ202408070002~medium.jpg
,139,NASA Early Career Research Program - Climate Change Research Ini,Yaítza Luna-Cruz,image,NHQ202408070002,https://images-assets.nasa.gov/image/NHQ202408070002/NHQ202408070002~medium.jpg
27,140,NASA Early Career Research Program - Climate Change Research Ini,Climate Change Research Initiative (CCRI),image,NHQ202408070003,https://images-assets.nasa.gov/image/NHQ202408070003/NHQ202408070003~medium.jpg
,141,NASA Early Career Research Program - Climate Change Research Ini,Cynthia Hall,image,NHQ202408070003,https://images-assets.nasa.gov/image/NHQ202408070003/NHQ202408070003~medium.jpg
,142,NASA Early Career Research Program - Climate Change Research Ini,DC,image,NHQ202408070003,https://images-assets.nasa.gov/image/NHQ202408070003/NHQ202408070003~medium.jpg
,143,NASA Early Career Research Program - Climate Change Research Ini,Mary W. Jackson NASA Headquarters,image,NHQ202408070003,https://images-assets.nasa.gov/image/NHQ202408070003/NHQ202408070003~medium.jpg
,144,NASA Early Career Research Program - Climate Change Research Ini,NASA Early Career Research Program (ECR),image,NHQ202408070003,https://images-assets.nasa.gov/image/NHQ202408070003/NHQ202408070003~medium.jpg
,145,NASA Early Career Research Program - Climate Change Research Ini,Washington,image,NHQ202408070003,https://images-assets.nasa.gov/image/NHQ202408070003/NHQ202408070003~medium.jpg
,146,NASA Early Career Research Program - Climate Change Research Ini,Yaítza Luna-Cruz,image,NHQ202408070003,https://images-assets.nasa.gov/image/NHQ202408070003/NHQ202408070003~medium.jpg
28,147,A Summer ABoVE the Warming Arctic,Carbon Release,video,GSFC_20171212_ABoVE_m12794_Arctic,https://images-assets.nasa.gov/video/GSFC_20171212_ABoVE_m12794_Arctic/GSFC_20171212_ABoVE_m12794_Arctic~large.jpg
,148,A Summer ABoVE the Warming Arctic,Carbon Sink,video,GSFC_20171212_ABoVE_m12794_Arctic,https://images-assets.nasa.gov/video/GSFC_20171212_ABoVE_m12794_Arctic/GSFC_20171212_ABoVE_m12794_Arctic~large.jpg
,149,A Summer ABoVE the Warming Arctic,Climate,video,GSFC_20171212_ABoVE_m12794_Arctic,https://images-assets.nasa.gov/video/GSFC_20171212_ABoVE_m12794_Arctic/GSFC_20171212_ABoVE_m12794_Arctic~large.jpg
,150,A Summer ABoVE the Warming Arctic,Climate Indicators,video,GSFC_20171212_ABoVE_m12794_Arctic,https://images-assets.nasa.gov/video/GSFC_20171212_ABoVE_m12794_Arctic/GSFC_20171212_ABoVE_m12794_Arctic~large.jpg
,151,A Summer ABoVE the Warming Arctic,Organic Matter,video,GSFC_20171212_ABoVE_m12794_Arctic,https://images-assets.nasa.gov/video/GSFC_20171212_ABoVE_m12794_Arctic/GSFC_20171212_ABoVE_m12794_Arctic~large.jpg
,152,A Summer ABoVE the Warming Arctic,Permafrost,video,GSFC_20171212_ABoVE_m12794_Arctic,https://images-assets.nasa.gov/video/GSFC_20171212_ABoVE_m12794_Arctic/GSFC_20171212_ABoVE_m12794_Arctic~large.jpg
,153,A Summer ABoVE the Warming Arctic,Arctic,video,GSFC_20171212_ABoVE_m12794_Arctic,https://images-assets.nasa.gov/video/GSFC_20171212_ABoVE_m12794_Arctic/GSFC_20171212_ABoVE_m12794_Arctic~large.jpg
,154,A Summer ABoVE the Warming Arctic,Climate Change,video,GSFC_20171212_ABoVE_m12794_Arctic,https://images-assets.nasa.gov/video/GSFC_20171212_ABoVE_m12794_Arctic/GSFC_20171212_ABoVE_m12794_Arctic~large.jpg
,155,A Summer ABoVE the Warming Arctic,Earth,video,GSFC_20171212_ABoVE_m12794_Arctic,https://images-assets.nasa.gov/video/GSFC_20171212_ABoVE_m12794_Arctic/GSFC_20171212_ABoVE_m12794_Arctic~large.jpg
,156,A Summer ABoVE the Warming Arctic,Wildfires,video,GSFC_20171212_ABoVE_m12794_Arctic,https://images-assets.nasa.gov/video/GSFC_20171212_ABoVE_m12794_Arctic/GSFC_20171212_ABoVE_m12794_Arctic~large.jpg
29,157,Record-Breaking Climate Trends 2016 – Rising Temperatures and Shrinking Sea Ice,Sea Ice,video,GSFC_20160719_SeaIce_m12306_Climate,https://images-assets.nasa.gov/video/GSFC_20160719_SeaIce_m12306_Climate/GSFC_20160719_SeaIce_m12306_Climate~large.jpg
,158,Record-Breaking Climate Trends 2016 – Rising Temperatures and Shrinking Sea Ice,Temperature,video,GSFC_20160719_SeaIce_m12306_Climate,https://images-assets.nasa.gov/video/GSFC_20160719_SeaIce_m12306_Climate/GSFC_20160719_SeaIce_m12306_Climate~large.jpg
,159,Record-Breaking Climate Trends 2016 – Rising Temperatures and Shrinking Sea Ice,Temperature Trend,video,GSFC_20160719_SeaIce_m12306_Climate,https://images-assets.nasa.gov/video/GSFC_20160719_SeaIce_m12306_Climate/GSFC_20160719_SeaIce_m12306_Climate~large.jpg
,160,Record-Breaking Climate Trends 2016 – Rising Temperatures and Shrinking Sea Ice,Climate Indicators,video,GSFC_20160719_SeaIce_m12306_Climate,https://images-assets.nasa.gov/video/GSFC_20160719_SeaIce_m12306_Climate/GSFC_20160719_SeaIce_m12306_Climate~large.jpg
,161,Record-Breaking Climate Trends 2016 – Rising Temperatures and Shrinking Sea Ice,Climate Change,video,GSFC_20160719_SeaIce_m12306_Climate,https://images-assets.nasa.gov/video/GSFC_20160719_SeaIce_m12306_Climate/GSFC_20160719_SeaIce_m12306_Climate~large.jpg
,162,Record-Breaking Climate Trends 2016 – Rising Temperatures and Shrinking Sea Ice,Earth,video,GSFC_20160719_SeaIce_m12306_Climate,https://images-assets.nasa.gov/video/GSFC_20160719_SeaIce_m12306_Climate/GSFC_20160719_SeaIce_m12306_Climate~large.jpg
30,163,NASA Science Live: Climate Edition - Extreme Weather [Episode 57],climate,video,GSFC_NSL_ExtremeWeather_Ep57,https://images-assets.nasa.gov/video/GSFC_NSL_ExtremeWeather_Ep57/GSFC_NSL_ExtremeWeather_Ep57~large.jpg
,164,NASA Science Live: Climate Edition - Extreme Weather [Episode 57],earth,video,GSFC_NSL_ExtremeWeather_Ep57,https://images-assets.nasa.gov/video/GSFC_NSL_ExtremeWeather_Ep57/GSFC_NSL_ExtremeWeather_Ep57~large.jpg
,165,NASA Science Live: Climate Edition - Extreme Weather [Episode 57],taira allen,video,GSFC_NSL_ExtremeWeather_Ep57,https://images-assets.nasa.gov/video/GSFC_NSL_ExtremeWeather_Ep57/GSFC_NSL_ExtremeWeather_Ep57~large.jpg
,166,NASA Science Live: Climate Edition - Extreme Weather [Episode 57],kate calvin,video,GSFC_NSL_ExtremeWeather_Ep57,https://images-assets.nasa.gov/video/GSFC_NSL_ExtremeWeather_Ep57/GSFC_NSL_ExtremeWeather_Ep57~large.jpg
,167,NASA Science Live: Climate Edition - Extreme Weather [Episode 57],michelle hawkins,video,GSFC_NSL_ExtremeWeather_Ep57,https://images-assets.nasa.gov/video/GSFC_NSL_ExtremeWeather_Ep57/GSFC_NSL_ExtremeWeather_Ep57~large.jpg
,168,NASA Science Live: Climate Edition - Extreme Weather [Episode 57],climate change,video,GSFC_NSL_ExtremeWeather_Ep57,https://images-assets.nasa.gov/video/GSFC_NSL_ExtremeWeather_Ep57/GSFC_NSL_ExtremeWeather_Ep57~large.jpg
,169,NASA Science Live: Climate Edition - Extreme Weather [Episode 57],extreme weather,video,GSFC_NSL_ExtremeWeather_Ep57,https://images-assets.nasa.gov/video/GSFC_NSL_ExtremeWeather_Ep57/GSFC_NSL_ExtremeWeather_Ep57~large.jpg
,170,NASA Science Live: Climate Edition - Extreme Weather [Episode 57],NSL,video,GSFC_NSL_ExtremeWeather_Ep57,https://images-assets.nasa.gov/video/GSFC_NSL_ExtremeWeather_Ep57/GSFC_NSL_ExtremeWeather_Ep57~large.jpg
,171,NASA Science Live: Climate Edition - Extreme Weather [Episode 57],NASA Science Live,video,GSFC_NSL_ExtremeWeather_Ep57,https://images-assets.nasa.gov/video/GSFC_NSL_ExtremeWeather_Ep57/GSFC_NSL_ExtremeWeather_Ep57~large.jpg
31,172,Ask A Climate Scientist - Lagging CO2,Climate Change,video,GSFC_20130924_AACS_m11362_CO2Lag,https://images-assets.nasa.gov/video/GSFC_20130924_AACS_m11362_CO2Lag/GSFC_20130924_AACS_m11362_CO2Lag~large.jpg
,173,Ask A Climate Scientist - Lagging CO2,Earth,video,GSFC_20130924_AACS_m11362_CO2Lag,https://images-assets.nasa.gov/video/GSFC_20130924_AACS_m11362_CO2Lag/GSFC_20130924_AACS_m11362_CO2Lag~large.jpg
32,174,NASA Science Live: The Summer of Record-Breaking Heat [Episode 48],NSL,video,20230814_NSL_Climate_Ep48,https://images-assets.nasa.gov/video/20230814_NSL_Climate_Ep48/20230814_NSL_Climate_Ep48~large.jpg
,175,NASA Science Live: The Summer of Record-Breaking Heat [Episode 48],NASA Science Live,video,20230814_NSL_Climate_Ep48,https://images-assets.nasa.gov/video/20230814_NSL_Climate_Ep48/20230814_NSL_Climate_Ep48~large.jpg
,176,NASA Science Live: The Summer of Record-Breaking Heat [Episode 48],Climate,video,20230814_NSL_Climate_Ep48,https://images-assets.nasa.gov/video/20230814_NSL_Climate_Ep48/20230814_NSL_Climate_Ep48~large.jpg
,177,NASA Science Live: The Summer of Record-Breaking Heat [Episode 48],Climate Change,video,20230814_NSL_Climate_Ep48,https://images-assets.nasa.gov/video/20230814_NSL_Climate_Ep48/20230814_NSL_Climate_Ep48~large.jpg
,178,NASA Science Live: The Summer of Record-Breaking Heat [Episode 48],Megan Cruz,video,20230814_NSL_Climate_Ep48,https://images-assets.nasa.gov/video/20230814_NSL_Climate_Ep48/20230814_NSL_Climate_Ep48~large.jpg
,179,NASA Science Live: The Summer of Record-Breaking Heat [Episode 48],Gavin Schidt,video,20230814_NSL_Climate_Ep48,https://images-assets.nasa.gov/video/20230814_NSL_Climate_Ep48/20230814_NSL_Climate_Ep48~large.jpg
,180,NASA Science Live: The Summer of Record-Breaking Heat [Episode 48],Kate Calvin,video,20230814_NSL_Climate_Ep48,https://images-assets.nasa.gov/video/20230814_NSL_Climate_Ep48/20230814_NSL_Climate_Ep48~large.jpg
,181,NASA Science Live: The Summer of Record-Breaking Heat [Episode 48],Global Temperatures,video,20230814_NSL_Climate_Ep48,https://images-assets.nasa.gov/video/20230814_NSL_Climate_Ep48/20230814_NSL_Climate_Ep48~large.jpg
33,182,NASA Tracks the Future of Asia's Glaciers,Himalaya,video,GSFC_20190626_Glaciers_m13243_Asia,https://images-assets.nasa.gov/video/GSFC_20190626_Glaciers_m13243_Asia/GSFC_20190626_Glaciers_m13243_Asia~large.jpg
,183,NASA Tracks the Future of Asia's Glaciers,Watershed,video,GSFC_20190626_Glaciers_m13243_Asia,https://images-assets.nasa.gov/video/GSFC_20190626_Glaciers_m13243_Asia/GSFC_20190626_Glaciers_m13243_Asia~large.jpg
,184,NASA Tracks the Future of Asia's Glaciers,Glacial Landforms,video,GSFC_20190626_Glaciers_m13243_Asia,https://images-assets.nasa.gov/video/GSFC_20190626_Glaciers_m13243_Asia/GSFC_20190626_Glaciers_m13243_Asia~large.jpg
,185,NASA Tracks the Future of Asia's Glaciers,Climate Change,video,GSFC_20190626_Glaciers_m13243_Asia,https://images-assets.nasa.gov/video/GSFC_20190626_Glaciers_m13243_Asia/GSFC_20190626_Glaciers_m13243_Asia~large.jpg
,186,NASA Tracks the Future of Asia's Glaciers,Earth,video,GSFC_20190626_Glaciers_m13243_Asia,https://images-assets.nasa.gov/video/GSFC_20190626_Glaciers_m13243_Asia/GSFC_20190626_Glaciers_m13243_Asia~large.jpg
,187,NASA Tracks the Future of Asia's Glaciers,Floods,video,GSFC_20190626_Glaciers_m13243_Asia,https://images-assets.nasa.gov/video/GSFC_20190626_Glaciers_m13243_Asia/GSFC_20190626_Glaciers_m13243_Asia~large.jpg
,188,NASA Tracks the Future of Asia's Glaciers,Freshwater,video,GSFC_20190626_Glaciers_m13243_Asia,https://images-assets.nasa.gov/video/GSFC_20190626_Glaciers_m13243_Asia/GSFC_20190626_Glaciers_m13243_Asia~large.jpg
34,189,Vice President Kamala Harris Visited NASA’s Goddard Space Flight Center - Wrap Package,Earth Science,video,GSFC_20211105_M14017_VP_Harris,https://images-assets.nasa.gov/video/GSFC_20211105_M14017_VP_Harris/GSFC_20211105_M14017_VP_Harris~large.jpg
,190,Vice President Kamala Harris Visited NASA’s Goddard Space Flight Center - Wrap Package,Vice President,video,GSFC_20211105_M14017_VP_Harris,https://images-assets.nasa.gov/video/GSFC_20211105_M14017_VP_Harris/GSFC_20211105_M14017_VP_Harris~large.jpg
,191,Vice President Kamala Harris Visited NASA’s Goddard Space Flight Center - Wrap Package,Kamala Harris,video,GSFC_20211105_M14017_VP_Harris,https://images-assets.nasa.gov/video/GSFC_20211105_M14017_VP_Harris/GSFC_20211105_M14017_VP_Harris~large.jpg
,192,Vice President Kamala Harris Visited NASA’s Goddard Space Flight Center - Wrap Package,NASA Administrator,video,GSFC_20211105_M14017_VP_Harris,https://images-assets.nasa.gov/video/GSFC_20211105_M14017_VP_Harris/GSFC_20211105_M14017_VP_Harris~large.jpg
,193,Vice President Kamala Harris Visited NASA’s Goddard Space Flight Center - Wrap Package,Bill Nelson,video,GSFC_20211105_M14017_VP_Harris,https://images-assets.nasa.gov/video/GSFC_20211105_M14017_VP_Harris/GSFC_20211105_M14017_VP_Harris~large.jpg
,194,Vice President Kamala Harris Visited NASA’s Goddard Space Flight Center - Wrap Package,Goddard Visit,video,GSFC_20211105_M14017_VP_Harris,https://images-assets.nasa.gov/video/GSFC_20211105_M14017_VP_Harris/GSFC_20211105_M14017_VP_Harris~large.jpg
,195,Vice President Kamala Harris Visited NASA’s Goddard Space Flight Center - Wrap Package,Tour,video,GSFC_20211105_M14017_VP_Harris,https://images-assets.nasa.gov/video/GSFC_20211105_M14017_VP_Harris/GSFC_20211105_M14017_VP_Harris~large.jpg
,196,Vice President Kamala Harris Visited NASA’s Goddard Space Flight Center - Wrap Package,climate change,video,GSFC_20211105_M14017_VP_Harris,https://images-assets.nasa.gov/video/GSFC_20211105_M14017_VP_Harris/GSFC_20211105_M14017_VP_Harris~large.jpg
,197,Vice President Kamala Harris Visited NASA’s Goddard Space Flight Center - Wrap Package,climate studies,video,GSFC_20211105_M14017_VP_Harris,https://images-assets.nasa.gov/video/GSFC_20211105_M14017_VP_Harris/GSFC_20211105_M14017_VP_Harris~large.jpg
,198,Vice President Kamala Harris Visited NASA’s Goddard Space Flight Center - Wrap Package,GSFC,video,GSFC_20211105_M14017_VP_Harris,https://images-assets.nasa.gov/video/GSFC_20211105_M14017_VP_Harris/GSFC_20211105_M14017_VP_Harris~large.jpg
35,199,NASA ScienceCasts: Station Science 101 - Earth Observation from the Space Station,ScienceCasts,video,322_SS101-CEO,https://images-assets.nasa.gov/video/322_SS101-CEO/322_SS101-CEO~large.jpg
,200,NASA ScienceCasts: Station Science 101 - Earth Observation from the Space Station,ISS,video,322_SS101-CEO,https://images-assets.nasa.gov/video/322_SS101-CEO/322_SS101-CEO~large.jpg
,201,NASA ScienceCasts: Station Science 101 - Earth Observation from the Space Station,International Space Station,video,322_SS101-CEO,https://images-assets.nasa.gov/video/322_SS101-CEO/322_SS101-CEO~large.jpg
,202,NASA ScienceCasts: Station Science 101 - Earth Observation from the Space Station,photography,video,322_SS101-CEO,https://images-assets.nasa.gov/video/322_SS101-CEO/322_SS101-CEO~large.jpg
,203,NASA ScienceCasts: Station Science 101 - Earth Observation from the Space Station,astronaut,video,322_SS101-CEO,https://images-assets.nasa.gov/video/322_SS101-CEO/322_SS101-CEO~large.jpg
,204,NASA ScienceCasts: Station Science 101 - Earth Observation from the Space Station,climate change,video,322_SS101-CEO,https://images-assets.nasa.gov/video/322_SS101-CEO/322_SS101-CEO~large.jpg
,205,NASA ScienceCasts: Station Science 101 - Earth Observation from the Space Station,disaster response,video,322_SS101-CEO,https://images-assets.nasa.gov/video/322_SS101-CEO/322_SS101-CEO~large.jpg
36,206,Salt of the Earth,Physical Oceanography,video,GSFC_20091012_Aquarius_m10504_Salt,https://images-assets.nasa.gov/video/GSFC_20091012_Aquarius_m10504_Salt/GSFC_20091012_Aquarius_m10504_Salt~large.jpg
,207,Salt of the Earth,Oceans,video,GSFC_20091012_Aquarius_m10504_Salt,https://images-assets.nasa.gov/video/GSFC_20091012_Aquarius_m10504_Salt/GSFC_20091012_Aquarius_m10504_Salt~large.jpg
,208,Salt of the Earth,Ocean Circulation,video,GSFC_20091012_Aquarius_m10504_Salt,https://images-assets.nasa.gov/video/GSFC_20091012_Aquarius_m10504_Salt/GSFC_20091012_Aquarius_m10504_Salt~large.jpg
,209,Salt of the Earth,Thermohaline Circulation,video,GSFC_20091012_Aquarius_m10504_Salt,https://images-assets.nasa.gov/video/GSFC_20091012_Aquarius_m10504_Salt/GSFC_20091012_Aquarius_m10504_Salt~large.jpg
,210,Salt of the Earth,Salinity,video,GSFC_20091012_Aquarius_m10504_Salt,https://images-assets.nasa.gov/video/GSFC_20091012_Aquarius_m10504_Salt/GSFC_20091012_Aquarius_m10504_Salt~large.jpg
,211,Salt of the Earth,Aquarius,video,GSFC_20091012_Aquarius_m10504_Salt,https://images-assets.nasa.gov/video/GSFC_20091012_Aquarius_m10504_Salt/GSFC_20091012_Aquarius_m10504_Salt~large.jpg
,212,Salt of the Earth,Climate Change,video,GSFC_20091012_Aquarius_m10504_Salt,https://images-assets.nasa.gov/video/GSFC_20091012_Aquarius_m10504_Salt/GSFC_20091012_Aquarius_m10504_Salt~large.jpg
,213,Salt of the Earth,Earth Science Week,video,GSFC_20091012_Aquarius_m10504_Salt,https://images-assets.nasa.gov/video/GSFC_20091012_Aquarius_m10504_Salt/GSFC_20091012_Aquarius_m10504_Salt~large.jpg
,214,Salt of the Earth,Earth,video,GSFC_20091012_Aquarius_m10504_Salt,https://images-assets.nasa.gov/video/GSFC_20091012_Aquarius_m10504_Salt/GSFC_20091012_Aquarius_m10504_Salt~large.jpg
37,215,KSC-2011-2637,ELV,image,KSC-2011-2637,https://images-assets.nasa.gov/image/KSC-2011-2637/KSC-2011-2637~medium.jpg
,216,KSC-2011-2637,Delta II,image,KSC-2011-2637,https://images-assets.nasa.gov/image/KSC-2011-2637/KSC-2011-2637~medium.jpg
,217,KSC-2011-2637,science,image,KSC-2011-2637,https://images-assets.nasa.gov/image/KSC-2011-2637/KSC-2011-2637~medium.jpg
,218,KSC-2011-2637,research,image,KSC-2011-2637,https://images-assets.nasa.gov/image/KSC-2011-2637/KSC-2011-2637~medium.jpg
,219,KSC-2011-2637,climate change,image,KSC-2011-2637,https://images-assets.nasa.gov/image/KSC-2011-2637/KSC-2011-2637~medium.jpg
,220,KSC-2011-2637,Earth mission,image,KSC-2011-2637,https://images-assets.nasa.gov/image/KSC-2011-2637/KSC-2011-2637~medium.jpg
38,221,KSC-2011-2724,ELV,image,KSC-2011-2724,https://images-assets.nasa.gov/image/KSC-2011-2724/KSC-2011-2724~medium.jpg
,222,KSC-2011-2724,Delta II,image,KSC-2011-2724,https://images-assets.nasa.gov/image/KSC-2011-2724/KSC-2011-2724~medium.jpg
,223,KSC-2011-2724,science,image,KSC-2011-2724,https://images-assets.nasa.gov/image/KSC-2011-2724/KSC-2011-2724~medium.jpg
,224,KSC-2011-2724,research,image,KSC-2011-2724,https://images-assets.nasa.gov/image/KSC-2011-2724/KSC-2011-2724~medium.jpg
,225,KSC-2011-2724,climate change,image,KSC-2011-2724,https://images-assets.nasa.gov/image/KSC-2011-2724/KSC-2011-2724~medium.jpg
,226,KSC-2011-2724,Earth mission,image,KSC-2011-2724,https://images-assets.nasa.gov/image/KSC-2011-2724/KSC-2011-2724~medium.jpg
39,227,KSC-2011-2726,ELV,image,KSC-2011-2726,https://images-assets.nasa.gov/image/KSC-2011-2726/KSC-2011-2726~medium.jpg
,228,KSC-2011-2726,Delta II,image,KSC-2011-2726,https://images-assets.nasa.gov/image/KSC-2011-2726/KSC-2011-2726~medium.jpg
,229,KSC-2011-2726,science,image,KSC-2011-2726,https://images-assets.nasa.gov/image/KSC-2011-2726/KSC-2011-2726~medium.jpg
,230,KSC-2011-2726,research,image,KSC-2011-2726,https://images-assets.nasa.gov/image/KSC-2011-2726/KSC-2011-2726~medium.jpg
,231,KSC-2011-2726,climate change,image,KSC-2011-2726,https://images-assets.nasa.gov/image/KSC-2011-2726/KSC-2011-2726~medium.jpg
,232,KSC-2011-2726,Earth mission,image,KSC-2011-2726,https://images-assets.nasa.gov/image/KSC-2011-2726/KSC-2011-2726~medium.jpg
40,233,KSC-2011-2624,ELV,image,KSC-2011-2624,https://images-assets.nasa.gov/image/KSC-2011-2624/KSC-2011-2624~medium.jpg
,234,KSC-2011-2624,Delta II,image,KSC-2011-2624,https://images-assets.nasa.gov/image/KSC-2011-2624/KSC-2011-2624~medium.jpg
,235,KSC-2011-2624,science,image,KSC-2011-2624,https://images-assets.nasa.gov/image/KSC-2011-2624/KSC-2011-2624~medium.jpg
,236,KSC-2011-2624,research,image,KSC-2011-2624,https://images-assets.nasa.gov/image/KSC-2011-2624/KSC-2011-2624~medium.jpg
,237,KSC-2011-2624,climate change,image,KSC-2011-2624,https://images-assets.nasa.gov/image/KSC-2011-2624/KSC-2011-2624~medium.jpg
,238,KSC-2011-2624,Earth mission,image,KSC-2011-2624,https://images-assets.nasa.gov/image/KSC-2011-2624/KSC-2011-2624~medium.jpg
41,239,KSC-2011-2638,ELV,image,KSC-2011-2638,https://images-assets.nasa.gov/image/KSC-2011-2638/KSC-2011-2638~medium.jpg
,240,KSC-2011-2638,Delta II,image,KSC-2011-2638,https://images-assets.nasa.gov/image/KSC-2011-2638/KSC-2011-2638~medium.jpg
,241,KSC-2011-2638,science,image,KSC-2011-2638,https://images-assets.nasa.gov/image/KSC-2011-2638/KSC-2011-2638~medium.jpg
,242,KSC-2011-2638,research,image,KSC-2011-2638,https://images-assets.nasa.gov/image/KSC-2011-2638/KSC-2011-2638~medium.jpg
,243,KSC-2011-2638,climate change,image,KSC-2011-2638,https://images-assets.nasa.gov/image/KSC-2011-2638/KSC-2011-2638~medium.jpg
,244,KSC-2011-2638,Earth mission,image,KSC-2011-2638,https://images-assets.nasa.gov/image/KSC-2011-2638/KSC-2011-2638~medium.jpg
42,245,KSC-2011-2635,ELV,image,KSC-2011-2635,https://images-assets.nasa.gov/image/KSC-2011-2635/KSC-2011-2635~medium.jpg
,246,KSC-2011-2635,Delta II,image,KSC-2011-2635,https://images-assets.nasa.gov/image/KSC-2011-2635/KSC-2011-2635~medium.jpg
,247,KSC-2011-2635,science,image,KSC-2011-2635,https://images-assets.nasa.gov/image/KSC-2011-2635/KSC-2011-2635~medium.jpg
,248,KSC-2011-2635,research,image,KSC-2011-2635,https://images-assets.nasa.gov/image/KSC-2011-2635/KSC-2011-2635~medium.jpg
,249,KSC-2011-2635,climate change,image,KSC-2011-2635,https://images-assets.nasa.gov/image/KSC-2011-2635/KSC-2011-2635~medium.jpg
,250,KSC-2011-2635,Earth mission,image,KSC-2011-2635,https://images-assets.nasa.gov/image/KSC-2011-2635/KSC-2011-2635~medium.jpg
43,251,KSC-2011-2626,ELV,image,KSC-2011-2626,https://images-assets.nasa.gov/image/KSC-2011-2626/KSC-2011-2626~medium.jpg
,252,KSC-2011-2626,Delta II,image,KSC-2011-2626,https://images-assets.nasa.gov/image/KSC-2011-2626/KSC-2011-2626~medium.jpg
,253,KSC-2011-2626,science,image,KSC-2011-2626,https://images-assets.nasa.gov/image/KSC-2011-2626/KSC-2011-2626~medium.jpg
,254,KSC-2011-2626,research,image,KSC-2011-2626,https://images-assets.nasa.gov/image/KSC-2011-2626/KSC-2011-2626~medium.jpg
,255,KSC-2011-2626,climate change,image,KSC-2011-2626,https://images-assets.nasa.gov/image/KSC-2011-2626/KSC-2011-2626~medium.jpg
,256,KSC-2011-2626,Earth mission,image,KSC-2011-2626,https://images-assets.nasa.gov/image/KSC-2011-2626/KSC-2011-2626~medium.jpg
44,257,KSC-2011-2633,ELV,image,KSC-2011-2633,https://images-assets.nasa.gov/image/KSC-2011-2633/KSC-2011-2633~medium.jpg
,258,KSC-2011-2633,Delta II,image,KSC-2011-2633,https://images-assets.nasa.gov/image/KSC-2011-2633/KSC-2011-2633~medium.jpg
,259,KSC-2011-2633,science,image,KSC-2011-2633,https://images-assets.nasa.gov/image/KSC-2011-2633/KSC-2011-2633~medium.jpg
,260,KSC-2011-2633,research,image,KSC-2011-2633,https://images-assets.nasa.gov/image/KSC-2011-2633/KSC-2011-2633~medium.jpg
,261,KSC-2011-2633,climate change,image,KSC-2011-2633,https://images-assets.nasa.gov/image/KSC-2011-2633/KSC-2011-2633~medium.jpg
,262,KSC-2011-2633,Earth mission,image,KSC-2011-2633,https://images-assets.nasa.gov/image/KSC-2011-2633/KSC-2011-2633~medium.jpg
45,263,KSC-2011-2629,ELV,image,KSC-2011-2629,https://images-assets.nasa.gov/image/KSC-2011-2629/KSC-2011-2629~medium.jpg
,264,KSC-2011-2629,Delta II,image,KSC-2011-2629,https://images-assets.nasa.gov/image/KSC-2011-2629/KSC-2011-2629~medium.jpg
,265,KSC-2011-2629,science,image,KSC-2011-2629,https://images-assets.nasa.gov/image/KSC-2011-2629/KSC-2011-2629~medium.jpg
,266,KSC-2011-2629,research,image,KSC-2011-2629,https://images-assets.nasa.gov/image/KSC-2011-2629/KSC-2011-2629~medium.jpg
,267,KSC-2011-2629,climate change,image,KSC-2011-2629,https://images-assets.nasa.gov/image/KSC-2011-2629/KSC-2011-2629~medium.jpg
,268,KSC-2011-2629,Earth mission,image,KSC-2011-2629,https://images-assets.nasa.gov/image/KSC-2011-2629/KSC-2011-2629~medium.jpg
46,269,KSC-2011-2728,ELV,image,KSC-2011-2728,https://images-assets.nasa.gov/image/KSC-2011-2728/KSC-2011-2728~medium.jpg
,270,KSC-2011-2728,Delta II,image,KSC-2011-2728,https://images-assets.nasa.gov/image/KSC-2011-2728/KSC-2011-2728~medium.jpg
,271,KSC-2011-2728,science,image,KSC-2011-2728,https://images-assets.nasa.gov/image/KSC-2011-2728/KSC-2011-2728~medium.jpg
,272,KSC-2011-2728,research,image,KSC-2011-2728,https://images-assets.nasa.gov/image/KSC-2011-2728/KSC-2011-2728~medium.jpg
,273,KSC-2011-2728,climate change,image,KSC-2011-2728,https://images-assets.nasa.gov/image/KSC-2011-2728/KSC-2011-2728~medium.jpg
,274,KSC-2011-2728,Earth mission,image,KSC-2011-2728,https://images-assets.nasa.gov/image/KSC-2011-2728/KSC-2011-2728~medium.jpg
47,275,KSC-2011-2727,ELV,image,KSC-2011-2727,https://images-assets.nasa.gov/image/KSC-2011-2727/KSC-2011-2727~medium.jpg
,276,KSC-2011-2727,Delta II,image,KSC-2011-2727,https://images-assets.nasa.gov/image/KSC-2011-2727/KSC-2011-2727~medium.jpg
,277,KSC-2011-2727,science,image,KSC-2011-2727,https://images-assets.nasa.gov/image/KSC-2011-2727/KSC-2011-2727~medium.jpg
,278,KSC-2011-2727,research,image,KSC-2011-2727,https://images-assets.nasa.gov/image/KSC-2011-2727/KSC-2011-2727~medium.jpg
,279,KSC-2011-2727,climate change,image,KSC-2011-2727,https://images-assets.nasa.gov/image/KSC-2011-2727/KSC-2011-2727~medium.jpg
,280,KSC-2011-2727,Earth mission,image,KSC-2011-2727,https://images-assets.nasa.gov/image/KSC-2011-2727/KSC-2011-2727~medium.jpg
48,281,KSC-2011-2627,ELV,image,KSC-2011-2627,https://images-assets.nasa.gov/image/KSC-2011-2627/KSC-2011-2627~medium.jpg
,282,KSC-2011-2627,Delta II,image,KSC-2011-2627,https://images-assets.nasa.gov/image/KSC-2011-2627/KSC-2011-2627~medium.jpg
,283,KSC-2011-2627,science,image,KSC-2011-2627,https://images-assets.nasa.gov/image/KSC-2011-2627/KSC-2011-2627~medium.jpg
,284,KSC-2011-2627,research,image,KSC-2011-2627,https://images-assets.nasa.gov/image/KSC-2011-2627/KSC-2011-2627~medium.jpg
,285,KSC-2011-2627,climate change,image,KSC-2011-2627,https://images-assets.nasa.gov/image/KSC-2011-2627/KSC-2011-2627~medium.jpg
,286,KSC-2011-2627,Earth mission,image,KSC-2011-2627,https://images-assets.nasa.gov/image/KSC-2011-2627/KSC-2011-2627~medium.jpg
49,287,KSC-2011-2634,ELV,image,KSC-2011-2634,https://images-assets.nasa.gov/image/KSC-2011-2634/KSC-2011-2634~medium.jpg
,288,KSC-2011-2634,Delta II,image,KSC-2011-2634,https://images-assets.nasa.gov/image/KSC-2011-2634/KSC-2011-2634~medium.jpg
,289,KSC-2011-2634,science,image,KSC-2011-2634,https://images-assets.nasa.gov/image/KSC-2011-2634/KSC-2011-2634~medium.jpg
,290,KSC-2011-2634,research,image,KSC-2011-2634,https://images-assets.nasa.gov/image/KSC-2011-2634/KSC-2011-2634~medium.jpg
,291,KSC-2011-2634,climate change,image,KSC-2011-2634,https://images-assets.nasa.gov/image/KSC-2011-2634/KSC-2011-2634~medium.jpg
,292,KSC-2011-2634,Earth mission,image,KSC-2011-2634,https://images-assets.nasa.gov/image/KSC-2011-2634/KSC-2011-2634~medium.jpg
50,293,KSC-2011-2628,ELV,image,KSC-2011-2628,https://images-assets.nasa.gov/image/KSC-2011-2628/KSC-2011-2628~medium.jpg
,294,KSC-2011-2628,Delta II,image,KSC-2011-2628,https://images-assets.nasa.gov/image/KSC-2011-2628/KSC-2011-2628~medium.jpg
,295,KSC-2011-2628,science,image,KSC-2011-2628,https://images-assets.nasa.gov/image/KSC-2011-2628/KSC-2011-2628~medium.jpg
,296,KSC-2011-2628,research,image,KSC-2011-2628,https://images-assets.nasa.gov/image/KSC-2011-2628/KSC-2011-2628~medium.jpg
,297,KSC-2011-2628,climate change,image,KSC-2011-2628,https://images-assets.nasa.gov/image/KSC-2011-2628/KSC-2011-2628~medium.jpg
,298,KSC-2011-2628,Earth mission,image,KSC-2011-2628,https://images-assets.nasa.gov/image/KSC-2011-2628/KSC-2011-2628~medium.jpg
51,299,KSC-2011-2636,ELV,image,KSC-2011-2636,https://images-assets.nasa.gov/image/KSC-2011-2636/KSC-2011-2636~medium.jpg
,300,KSC-2011-2636,Delta II,image,KSC-2011-2636,https://images-assets.nasa.gov/image/KSC-2011-2636/KSC-2011-2636~medium.jpg
,301,KSC-2011-2636,science,image,KSC-2011-2636,https://images-assets.nasa.gov/image/KSC-2011-2636/KSC-2011-2636~medium.jpg
,302,KSC-2011-2636,research,image,KSC-2011-2636,https://images-assets.nasa.gov/image/KSC-2011-2636/KSC-2011-2636~medium.jpg
,303,KSC-2011-2636,climate change,image,KSC-2011-2636,https://images-assets.nasa.gov/image/KSC-2011-2636/KSC-2011-2636~medium.jpg
,304,KSC-2011-2636,Earth mission,image,KSC-2011-2636,https://images-assets.nasa.gov/image/KSC-2011-2636/KSC-2011-2636~medium.jpg
52,305,KSC-2011-2632,ELV,image,KSC-2011-2632,https://images-assets.nasa.gov/image/KSC-2011-2632/KSC-2011-2632~medium.jpg
,306,KSC-2011-2632,Delta II,image,KSC-2011-2632,https://images-assets.nasa.gov/image/KSC-2011-2632/KSC-2011-2632~medium.jpg
,307,KSC-2011-2632,science,image,KSC-2011-2632,https://images-assets.nasa.gov/image/KSC-2011-2632/KSC-2011-2632~medium.jpg
,308,KSC-2011-2632,research,image,KSC-2011-2632,https://images-assets.nasa.gov/image/KSC-2011-2632/KSC-2011-2632~medium.jpg
,309,KSC-2011-2632,climate change,image,KSC-2011-2632,https://images-assets.nasa.gov/image/KSC-2011-2632/KSC-2011-2632~medium.jpg
,310,KSC-2011-2632,Earth mission,image,KSC-2011-2632,https://images-assets.nasa.gov/image/KSC-2011-2632/KSC-2011-2632~medium.jpg
53,311,KSC-2011-2625,ELV,image,KSC-2011-2625,https://images-assets.nasa.gov/image/KSC-2011-2625/KSC-2011-2625~medium.jpg
,312,KSC-2011-2625,Delta II,image,KSC-2011-2625,https://images-assets.nasa.gov/image/KSC-2011-2625/KSC-2011-2625~medium.jpg
,313,KSC-2011-2625,science,image,KSC-2011-2625,https://images-assets.nasa.gov/image/KSC-2011-2625/KSC-2011-2625~medium.jpg
,314,KSC-2011-2625,research,image,KSC-2011-2625,https://images-assets.nasa.gov/image/KSC-2011-2625/KSC-2011-2625~medium.jpg
,315,KSC-2011-2625,climate change,image,KSC-2011-2625,https://images-assets.nasa.gov/image/KSC-2011-2625/KSC-2011-2625~medium.jpg
,316,KSC-2011-2625,Earth mission,image,KSC-2011-2625,https://images-assets.nasa.gov/image/KSC-2011-2625/KSC-2011-2625~medium.jpg
54,317,KSC-2011-2725,ELV,image,KSC-2011-2725,https://images-assets.nasa.gov/image/KSC-2011-2725/KSC-2011-2725~medium.jpg
,318,KSC-2011-2725,Delta II,image,KSC-2011-2725,https://images-assets.nasa.gov/image/KSC-2011-2725/KSC-2011-2725~medium.jpg
,319,KSC-2011-2725,science,image,KSC-2011-2725,https://images-assets.nasa.gov/image/KSC-2011-2725/KSC-2011-2725~medium.jpg
,320,KSC-2011-2725,research,image,KSC-2011-2725,https://images-assets.nasa.gov/image/KSC-2011-2725/KSC-2011-2725~medium.jpg
,321,KSC-2011-2725,climate change,image,KSC-2011-2725,https://images-assets.nasa.gov/image/KSC-2011-2725/KSC-2011-2725~medium.jpg
,322,KSC-2011-2725,Earth mission,image,KSC-2011-2725,https://images-assets.nasa.gov/image/KSC-2011-2725/KSC-2011-2725~medium.jpg
55,323,KSC-2011-2631,ELV,image,KSC-2011-2631,https://images-assets.nasa.gov/image/KSC-2011-2631/KSC-2011-2631~medium.jpg
,324,KSC-2011-2631,Delta II,image,KSC-2011-2631,https://images-assets.nasa.gov/image/KSC-2011-2631/KSC-2011-2631~medium.jpg
,325,KSC-2011-2631,science,image,KSC-2011-2631,https://images-assets.nasa.gov/image/KSC-2011-2631/KSC-2011-2631~medium.jpg
,326,KSC-2011-2631,research,image,KSC-2011-2631,https://images-assets.nasa.gov/image/KSC-2011-2631/KSC-2011-2631~medium.jpg
,327,KSC-2011-2631,climate change,image,KSC-2011-2631,https://images-assets.nasa.gov/image/KSC-2011-2631/KSC-2011-2631~medium.jpg
,328,KSC-2011-2631,Earth mission,image,KSC-2011-2631,https://images-assets.nasa.gov/image/KSC-2011-2631/KSC-2011-2631~medium.jpg
56,329,KSC-2011-2630,ELV,image,KSC-2011-2630,https://images-assets.nasa.gov/image/KSC-2011-2630/KSC-2011-2630~medium.jpg
,330,KSC-2011-2630,Delta II,image,KSC-2011-2630,https://images-assets.nasa.gov/image/KSC-2011-2630/KSC-2011-2630~medium.jpg
,331,KSC-2011-2630,science,image,KSC-2011-2630,https://images-assets.nasa.gov/image/KSC-2011-2630/KSC-2011-2630~medium.jpg
,332,KSC-2011-2630,research,image,KSC-2011-2630,https://images-assets.nasa.gov/image/KSC-2011-2630/KSC-2011-2630~medium.jpg
,333,KSC-2011-2630,climate change,image,KSC-2011-2630,https://images-assets.nasa.gov/image/KSC-2011-2630/KSC-2011-2630~medium.jpg
,334,KSC-2011-2630,Earth mission,image,KSC-2011-2630,https://images-assets.nasa.gov/image/KSC-2011-2630/KSC-2011-2630~medium.jpg
57,335,KSC-2011-2623,ELV,image,KSC-2011-2623,https://images-assets.nasa.gov/image/KSC-2011-2623/KSC-2011-2623~medium.jpg
,336,KSC-2011-2623,Delta II,image,KSC-2011-2623,https://images-assets.nasa.gov/image/KSC-2011-2623/KSC-2011-2623~medium.jpg
,337,KSC-2011-2623,science,image,KSC-2011-2623,https://images-assets.nasa.gov/image/KSC-2011-2623/KSC-2011-2623~medium.jpg
,338,KSC-2011-2623,research,image,KSC-2011-2623,https://images-assets.nasa.gov/image/KSC-2011-2623/KSC-2011-2623~medium.jpg
,339,KSC-2011-2623,climate change,image,KSC-2011-2623,https://images-assets.nasa.gov/image/KSC-2011-2623/KSC-2011-2623~medium.jpg
,340,KSC-2011-2623,Earth mission,image,KSC-2011-2623,https://images-assets.nasa.gov/image/KSC-2011-2623/KSC-2011-2623~medium.jpg
58,341,Landsat Observes Barrier Islands,Landsat,video,GSFC_20110526_Barrier_m10774_Islands,https://images-assets.nasa.gov/video/GSFC_20110526_Barrier_m10774_Islands/GSFC_20110526_Barrier_m10774_Islands~large.jpg
,342,Landsat Observes Barrier Islands,Islands,video,GSFC_20110526_Barrier_m10774_Islands,https://images-assets.nasa.gov/video/GSFC_20110526_Barrier_m10774_Islands/GSFC_20110526_Barrier_m10774_Islands~large.jpg
,343,Landsat Observes Barrier Islands,Sea Level Rise,video,GSFC_20110526_Barrier_m10774_Islands,https://images-assets.nasa.gov/video/GSFC_20110526_Barrier_m10774_Islands/GSFC_20110526_Barrier_m10774_Islands~large.jpg
,344,Landsat Observes Barrier Islands,Climate Change,video,GSFC_20110526_Barrier_m10774_Islands,https://images-assets.nasa.gov/video/GSFC_20110526_Barrier_m10774_Islands/GSFC_20110526_Barrier_m10774_Islands~large.jpg
,345,Landsat Observes Barrier Islands,Earth,video,GSFC_20110526_Barrier_m10774_Islands,https://images-assets.nasa.gov/video/GSFC_20110526_Barrier_m10774_Islands/GSFC_20110526_Barrier_m10774_Islands~large.jpg
59,346,Planetary Scientist Profile: Emily Wilson,Atmospheric Science,video,GSFC_20130916_EmilyWilson_m11359_Profile,https://images-assets.nasa.gov/video/GSFC_20130916_EmilyWilson_m11359_Profile/GSFC_20130916_EmilyWilson_m11359_Profile~large.jpg
,347,Planetary Scientist Profile: Emily Wilson,Aerosols,video,GSFC_20130916_EmilyWilson_m11359_Profile,https://images-assets.nasa.gov/video/GSFC_20130916_EmilyWilson_m11359_Profile/GSFC_20130916_EmilyWilson_m11359_Profile~large.jpg
,348,Planetary Scientist Profile: Emily Wilson,Climate Change,video,GSFC_20130916_EmilyWilson_m11359_Profile,https://images-assets.nasa.gov/video/GSFC_20130916_EmilyWilson_m11359_Profile/GSFC_20130916_EmilyWilson_m11359_Profile~large.jpg
,349,Planetary Scientist Profile: Emily Wilson,Greenhouse Gases,video,GSFC_20130916_EmilyWilson_m11359_Profile,https://images-assets.nasa.gov/video/GSFC_20130916_EmilyWilson_m11359_Profile/GSFC_20130916_EmilyWilson_m11359_Profile~large.jpg
,350,Planetary Scientist Profile: Emily Wilson,Earth,video,GSFC_20130916_EmilyWilson_m11359_Profile,https://images-assets.nasa.gov/video/GSFC_20130916_EmilyWilson_m11359_Profile/GSFC_20130916_EmilyWilson_m11359_Profile~large.jpg
,351,Planetary Scientist Profile: Emily Wilson,mini-LHR,video,GSFC_20130916_EmilyWilson_m11359_Profile,https://images-assets.nasa.gov/video/GSFC_20130916_EmilyWilson_m11359_Profile/GSFC_20130916_EmilyWilson_m11359_Profile~large.jpg
,352,Planetary Scientist Profile: Emily Wilson,AERONET,video,GSFC_20130916_EmilyWilson_m11359_Profile,https://images-assets.nasa.gov/video/GSFC_20130916_EmilyWilson_m11359_Profile/GSFC_20130916_EmilyWilson_m11359_Profile~large.jpg
,353,Planetary Scientist Profile: Emily Wilson,Aerosols Optical Depth,video,GSFC_20130916_EmilyWilson_m11359_Profile,https://images-assets.nasa.gov/video/GSFC_20130916_EmilyWilson_m11359_Profile/GSFC_20130916_EmilyWilson_m11359_Profile~large.jpg
60,354,Details of Arctic Greening in North America,NDVI,video,GSFC_20160602_Arctic_m12225_Greening,https://images-assets.nasa.gov/video/GSFC_20160602_Arctic_m12225_Greening/GSFC_20160602_Arctic_m12225_Greening~large.jpg
,355,Details of Arctic Greening in North America,Arctic,video,GSFC_20160602_Arctic_m12225_Greening,https://images-assets.nasa.gov/video/GSFC_20160602_Arctic_m12225_Greening/GSFC_20160602_Arctic_m12225_Greening~large.jpg
,356,Details of Arctic Greening in North America,Climate Change,video,GSFC_20160602_Arctic_m12225_Greening,https://images-assets.nasa.gov/video/GSFC_20160602_Arctic_m12225_Greening/GSFC_20160602_Arctic_m12225_Greening~large.jpg
,357,Details of Arctic Greening in North America,Vegetation Growth,video,GSFC_20160602_Arctic_m12225_Greening,https://images-assets.nasa.gov/video/GSFC_20160602_Arctic_m12225_Greening/GSFC_20160602_Arctic_m12225_Greening~large.jpg
,358,Details of Arctic Greening in North America,Earth,video,GSFC_20160602_Arctic_m12225_Greening,https://images-assets.nasa.gov/video/GSFC_20160602_Arctic_m12225_Greening/GSFC_20160602_Arctic_m12225_Greening~large.jpg
61,359,KSC-2011-2195,ELV,image,KSC-2011-2195,https://images-assets.nasa.gov/image/KSC-2011-2195/KSC-2011-2195~orig.jpg
,360,KSC-2011-2195,Delta II,image,KSC-2011-2195,https://images-assets.nasa.gov/image/KSC-2011-2195/KSC-2011-2195~orig.jpg
,361,KSC-2011-2195,science,image,KSC-2011-2195,https://images-assets.nasa.gov/image/KSC-2011-2195/KSC-2011-2195~orig.jpg
,362,KSC-2011-2195,research,image,KSC-2011-2195,https://images-assets.nasa.gov/image/KSC-2011-2195/KSC-2011-2195~orig.jpg
,363,KSC-2011-2195,climate change,image,KSC-2011-2195,https://images-assets.nasa.gov/image/KSC-2011-2195/KSC-2011-2195~orig.jpg
,364,KSC-2011-2195,Earth mission,image,KSC-2011-2195,https://images-assets.nasa.gov/image/KSC-2011-2195/KSC-2011-2195~orig.jpg
62,365,KSC-2011-2191,ELV,image,KSC-2011-2191,https://images-assets.nasa.gov/image/KSC-2011-2191/KSC-2011-2191~medium.jpg
,366,KSC-2011-2191,Delta II,image,KSC-2011-2191,https://images-assets.nasa.gov/image/KSC-2011-2191/KSC-2011-2191~medium.jpg
,367,KSC-2011-2191,science,image,KSC-2011-2191,https://images-assets.nasa.gov/image/KSC-2011-2191/KSC-2011-2191~medium.jpg
,368,KSC-2011-2191,research,image,KSC-2011-2191,https://images-assets.nasa.gov/image/KSC-2011-2191/KSC-2011-2191~medium.jpg
,369,KSC-2011-2191,climate change,image,KSC-2011-2191,https://images-assets.nasa.gov/image/KSC-2011-2191/KSC-2011-2191~medium.jpg
,370,KSC-2011-2191,Earth mission,image,KSC-2011-2191,https://images-assets.nasa.gov/image/KSC-2011-2191/KSC-2011-2191~medium.jpg
63,371,KSC-2011-2449,ELV,image,KSC-2011-2449,https://images-assets.nasa.gov/image/KSC-2011-2449/KSC-2011-2449~medium.jpg
,372,KSC-2011-2449,Delta II,image,KSC-2011-2449,https://images-assets.nasa.gov/image/KSC-2011-2449/KSC-2011-2449~medium.jpg
,373,KSC-2011-2449,science,image,KSC-2011-2449,https://images-assets.nasa.gov/image/KSC-2011-2449/KSC-2011-2449~medium.jpg
,374,KSC-2011-2449,research,image,KSC-2011-2449,https://images-assets.nasa.gov/image/KSC-2011-2449/KSC-2011-2449~medium.jpg
,375,KSC-2011-2449,climate change,image,KSC-2011-2449,https://images-assets.nasa.gov/image/KSC-2011-2449/KSC-2011-2449~medium.jpg
,376,KSC-2011-2449,Earth mission,image,KSC-2011-2449,https://images-assets.nasa.gov/image/KSC-2011-2449/KSC-2011-2449~medium.jpg
64,377,KSC-2011-2456,ELV,image,KSC-2011-2456,https://images-assets.nasa.gov/image/KSC-2011-2456/KSC-2011-2456~medium.jpg
,378,KSC-2011-2456,Delta II,image,KSC-2011-2456,https://images-assets.nasa.gov/image/KSC-2011-2456/KSC-2011-2456~medium.jpg
,379,KSC-2011-2456,science,image,KSC-2011-2456,https://images-assets.nasa.gov/image/KSC-2011-2456/KSC-2011-2456~medium.jpg
,380,KSC-2011-2456,research,image,KSC-2011-2456,https://images-assets.nasa.gov/image/KSC-2011-2456/KSC-2011-2456~medium.jpg
,381,KSC-2011-2456,climate change,image,KSC-2011-2456,https://images-assets.nasa.gov/image/KSC-2011-2456/KSC-2011-2456~medium.jpg
,382,KSC-2011-2456,Earth mission,image,KSC-2011-2456,https://images-assets.nasa.gov/image/KSC-2011-2456/KSC-2011-2456~medium.jpg
65,383,KSC-2011-2193,ELV,image,KSC-2011-2193,https://images-assets.nasa.gov/image/KSC-2011-2193/KSC-2011-2193~medium.jpg
,384,KSC-2011-2193,Delta II,image,KSC-2011-2193,https://images-assets.nasa.gov/image/KSC-2011-2193/KSC-2011-2193~medium.jpg
,385,KSC-2011-2193,science,image,KSC-2011-2193,https://images-assets.nasa.gov/image/KSC-2011-2193/KSC-2011-2193~medium.jpg
,386,KSC-2011-2193,research,image,KSC-2011-2193,https://images-assets.nasa.gov/image/KSC-2011-2193/KSC-2011-2193~medium.jpg
,387,KSC-2011-2193,climate change,image,KSC-2011-2193,https://images-assets.nasa.gov/image/KSC-2011-2193/KSC-2011-2193~medium.jpg
,388,KSC-2011-2193,Earth mission,image,KSC-2011-2193,https://images-assets.nasa.gov/image/KSC-2011-2193/KSC-2011-2193~medium.jpg
66,389,KSC-2011-2194,ELV,image,KSC-2011-2194,https://images-assets.nasa.gov/image/KSC-2011-2194/KSC-2011-2194~medium.jpg
,390,KSC-2011-2194,Delta II,image,KSC-2011-2194,https://images-assets.nasa.gov/image/KSC-2011-2194/KSC-2011-2194~medium.jpg
,391,KSC-2011-2194,science,image,KSC-2011-2194,https://images-assets.nasa.gov/image/KSC-2011-2194/KSC-2011-2194~medium.jpg
,392,KSC-2011-2194,research,image,KSC-2011-2194,https://images-assets.nasa.gov/image/KSC-2011-2194/KSC-2011-2194~medium.jpg
,393,KSC-2011-2194,climate change,image,KSC-2011-2194,https://images-assets.nasa.gov/image/KSC-2011-2194/KSC-2011-2194~medium.jpg
,394,KSC-2011-2194,Earth mission,image,KSC-2011-2194,https://images-assets.nasa.gov/image/KSC-2011-2194/KSC-2011-2194~medium.jpg
67,395,KSC-2011-2451,ELV,image,KSC-2011-2451,https://images-assets.nasa.gov/image/KSC-2011-2451/KSC-2011-2451~medium.jpg
,396,KSC-2011-2451,Delta II,image,KSC-2011-2451,https://images-assets.nasa.gov/image/KSC-2011-2451/KSC-2011-2451~medium.jpg
,397,KSC-2011-2451,science,image,KSC-2011-2451,https://images-assets.nasa.gov/image/KSC-2011-2451/KSC-2011-2451~medium.jpg
,398,KSC-2011-2451,research,image,KSC-2011-2451,https://images-assets.nasa.gov/image/KSC-2011-2451/KSC-2011-2451~medium.jpg
,399,KSC-2011-2451,climate change,image,KSC-2011-2451,https://images-assets.nasa.gov/image/KSC-2011-2451/KSC-2011-2451~medium.jpg
,400,KSC-2011-2451,Earth mission,image,KSC-2011-2451,https://images-assets.nasa.gov/image/KSC-2011-2451/KSC-2011-2451~medium.jpg
68,401,KSC-2011-2454,ELV,image,KSC-2011-2454,https://images-assets.nasa.gov/image/KSC-2011-2454/KSC-2011-2454~medium.jpg
,402,KSC-2011-2454,Delta II,image,KSC-2011-2454,https://images-assets.nasa.gov/image/KSC-2011-2454/KSC-2011-2454~medium.jpg
,403,KSC-2011-2454,science,image,KSC-2011-2454,https://images-assets.nasa.gov/image/KSC-2011-2454/KSC-2011-2454~medium.jpg
,404,KSC-2011-2454,research,image,KSC-2011-2454,https://images-assets.nasa.gov/image/KSC-2011-2454/KSC-2011-2454~medium.jpg
,405,KSC-2011-2454,climate change,image,KSC-2011-2454,https://images-assets.nasa.gov/image/KSC-2011-2454/KSC-2011-2454~medium.jpg
,406,KSC-2011-2454,Earth mission,image,KSC-2011-2454,https://images-assets.nasa.gov/image/KSC-2011-2454/KSC-2011-2454~medium.jpg
69,407,KSC-2011-2189,ELV,image,KSC-2011-2189,https://images-assets.nasa.gov/image/KSC-2011-2189/KSC-2011-2189~medium.jpg
,408,KSC-2011-2189,Delta II,image,KSC-2011-2189,https://images-assets.nasa.gov/image/KSC-2011-2189/KSC-2011-2189~medium.jpg
,409,KSC-2011-2189,science,image,KSC-2011-2189,https://images-assets.nasa.gov/image/KSC-2011-2189/KSC-2011-2189~medium.jpg
,410,KSC-2011-2189,research,image,KSC-2011-2189,https://images-assets.nasa.gov/image/KSC-2011-2189/KSC-2011-2189~medium.jpg
,411,KSC-2011-2189,climate change,image,KSC-2011-2189,https://images-assets.nasa.gov/image/KSC-2011-2189/KSC-2011-2189~medium.jpg
,412,KSC-2011-2189,Earth mission,image,KSC-2011-2189,https://images-assets.nasa.gov/image/KSC-2011-2189/KSC-2011-2189~medium.jpg
70,413,KSC-2011-2192,ELV,image,KSC-2011-2192,https://images-assets.nasa.gov/image/KSC-2011-2192/KSC-2011-2192~medium.jpg
,414,KSC-2011-2192,Delta II,image,KSC-2011-2192,https://images-assets.nasa.gov/image/KSC-2011-2192/KSC-2011-2192~medium.jpg
,415,KSC-2011-2192,science,image,KSC-2011-2192,https://images-assets.nasa.gov/image/KSC-2011-2192/KSC-2011-2192~medium.jpg
,416,KSC-2011-2192,research,image,KSC-2011-2192,https://images-assets.nasa.gov/image/KSC-2011-2192/KSC-2011-2192~medium.jpg
,417,KSC-2011-2192,climate change,image,KSC-2011-2192,https://images-assets.nasa.gov/image/KSC-2011-2192/KSC-2011-2192~medium.jpg
,418,KSC-2011-2192,Earth mission,image,KSC-2011-2192,https://images-assets.nasa.gov/image/KSC-2011-2192/KSC-2011-2192~medium.jpg
71,419,KSC-2011-2453,ELV,image,KSC-2011-2453,https://images-assets.nasa.gov/image/KSC-2011-2453/KSC-2011-2453~medium.jpg
,420,KSC-2011-2453,Delta II,image,KSC-2011-2453,https://images-assets.nasa.gov/image/KSC-2011-2453/KSC-2011-2453~medium.jpg
,421,KSC-2011-2453,science,image,KSC-2011-2453,https://images-assets.nasa.gov/image/KSC-2011-2453/KSC-2011-2453~medium.jpg
,422,KSC-2011-2453,research,image,KSC-2011-2453,https://images-assets.nasa.gov/image/KSC-2011-2453/KSC-2011-2453~medium.jpg
,423,KSC-2011-2453,climate change,image,KSC-2011-2453,https://images-assets.nasa.gov/image/KSC-2011-2453/KSC-2011-2453~medium.jpg
,424,KSC-2011-2453,Earth mission,image,KSC-2011-2453,https://images-assets.nasa.gov/image/KSC-2011-2453/KSC-2011-2453~medium.jpg
72,425,KSC-2011-2198,ELV,image,KSC-2011-2198,https://images-assets.nasa.gov/image/KSC-2011-2198/KSC-2011-2198~medium.jpg
,426,KSC-2011-2198,Delta II,image,KSC-2011-2198,https://images-assets.nasa.gov/image/KSC-2011-2198/KSC-2011-2198~medium.jpg
,427,KSC-2011-2198,science,image,KSC-2011-2198,https://images-assets.nasa.gov/image/KSC-2011-2198/KSC-2011-2198~medium.jpg
,428,KSC-2011-2198,research,image,KSC-2011-2198,https://images-assets.nasa.gov/image/KSC-2011-2198/KSC-2011-2198~medium.jpg
,429,KSC-2011-2198,climate change,image,KSC-2011-2198,https://images-assets.nasa.gov/image/KSC-2011-2198/KSC-2011-2198~medium.jpg
,430,KSC-2011-2198,Earth mission,image,KSC-2011-2198,https://images-assets.nasa.gov/image/KSC-2011-2198/KSC-2011-2198~medium.jpg
73,431,KSC-2011-2452,ELV,image,KSC-2011-2452,https://images-assets.nasa.gov/image/KSC-2011-2452/KSC-2011-2452~medium.jpg
,432,KSC-2011-2452,Delta II,image,KSC-2011-2452,https://images-assets.nasa.gov/image/KSC-2011-2452/KSC-2011-2452~medium.jpg
,433,KSC-2011-2452,science,image,KSC-2011-2452,https://images-assets.nasa.gov/image/KSC-2011-2452/KSC-2011-2452~medium.jpg
,434,KSC-2011-2452,research,image,KSC-2011-2452,https://images-assets.nasa.gov/image/KSC-2011-2452/KSC-2011-2452~medium.jpg
,435,KSC-2011-2452,climate change,image,KSC-2011-2452,https://images-assets.nasa.gov/image/KSC-2011-2452/KSC-2011-2452~medium.jpg
,436,KSC-2011-2452,Earth mission,image,KSC-2011-2452,https://images-assets.nasa.gov/image/KSC-2011-2452/KSC-2011-2452~medium.jpg
74,437,KSC-2011-2197,ELV,image,KSC-2011-2197,https://images-assets.nasa.gov/image/KSC-2011-2197/KSC-2011-2197~medium.jpg
,438,KSC-2011-2197,Delta II,image,KSC-2011-2197,https://images-assets.nasa.gov/image/KSC-2011-2197/KSC-2011-2197~medium.jpg
,439,KSC-2011-2197,science,image,KSC-2011-2197,https://images-assets.nasa.gov/image/KSC-2011-2197/KSC-2011-2197~medium.jpg
,440,KSC-2011-2197,research,image,KSC-2011-2197,https://images-assets.nasa.gov/image/KSC-2011-2197/KSC-2011-2197~medium.jpg
,441,KSC-2011-2197,climate change,image,KSC-2011-2197,https://images-assets.nasa.gov/image/KSC-2011-2197/KSC-2011-2197~medium.jpg
,442,KSC-2011-2197,Earth mission,image,KSC-2011-2197,https://images-assets.nasa.gov/image/KSC-2011-2197/KSC-2011-2197~medium.jpg
75,443,KSC-2011-2457,ELV,image,KSC-2011-2457,https://images-assets.nasa.gov/image/KSC-2011-2457/KSC-2011-2457~medium.jpg
,444,KSC-2011-2457,Delta II,image,KSC-2011-2457,https://images-assets.nasa.gov/image/KSC-2011-2457/KSC-2011-2457~medium.jpg
,445,KSC-2011-2457,science,image,KSC-2011-2457,https://images-assets.nasa.gov/image/KSC-2011-2457/KSC-2011-2457~medium.jpg
,446,KSC-2011-2457,research,image,KSC-2011-2457,https://images-assets.nasa.gov/image/KSC-2011-2457/KSC-2011-2457~medium.jpg
,447,KSC-2011-2457,climate change,image,KSC-2011-2457,https://images-assets.nasa.gov/image/KSC-2011-2457/KSC-2011-2457~medium.jpg
,448,KSC-2011-2457,Earth mission,image,KSC-2011-2457,https://images-assets.nasa.gov/image/KSC-2011-2457/KSC-2011-2457~medium.jpg
76,449,KSC-2011-1960,ELV,image,KSC-2011-1960,https://images-assets.nasa.gov/image/KSC-2011-1960/KSC-2011-1960~medium.jpg
,450,KSC-2011-1960,Delta II,image,KSC-2011-1960,https://images-assets.nasa.gov/image/KSC-2011-1960/KSC-2011-1960~medium.jpg
,451,KSC-2011-1960,science,image,KSC-2011-1960,https://images-assets.nasa.gov/image/KSC-2011-1960/KSC-2011-1960~medium.jpg
,452,KSC-2011-1960,research,image,KSC-2011-1960,https://images-assets.nasa.gov/image/KSC-2011-1960/KSC-2011-1960~medium.jpg
,453,KSC-2011-1960,climate change,image,KSC-2011-1960,https://images-assets.nasa.gov/image/KSC-2011-1960/KSC-2011-1960~medium.jpg
,454,KSC-2011-1960,Earth mission,image,KSC-2011-1960,https://images-assets.nasa.gov/image/KSC-2011-1960/KSC-2011-1960~medium.jpg
77,455,KSC-2011-2455,ELV,image,KSC-2011-2455,https://images-assets.nasa.gov/image/KSC-2011-2455/KSC-2011-2455~medium.jpg
,456,KSC-2011-2455,Delta II,image,KSC-2011-2455,https://images-assets.nasa.gov/image/KSC-2011-2455/KSC-2011-2455~medium.jpg
,457,KSC-2011-2455,science,image,KSC-2011-2455,https://images-assets.nasa.gov/image/KSC-2011-2455/KSC-2011-2455~medium.jpg
,458,KSC-2011-2455,research,image,KSC-2011-2455,https://images-assets.nasa.gov/image/KSC-2011-2455/KSC-2011-2455~medium.jpg
,459,KSC-2011-2455,climate change,image,KSC-2011-2455,https://images-assets.nasa.gov/image/KSC-2011-2455/KSC-2011-2455~medium.jpg
,460,KSC-2011-2455,Earth mission,image,KSC-2011-2455,https://images-assets.nasa.gov/image/KSC-2011-2455/KSC-2011-2455~medium.jpg
78,461,KSC-2011-2199,ELV,image,KSC-2011-2199,https://images-assets.nasa.gov/image/KSC-2011-2199/KSC-2011-2199~medium.jpg
,462,KSC-2011-2199,Delta II,image,KSC-2011-2199,https://images-assets.nasa.gov/image/KSC-2011-2199/KSC-2011-2199~medium.jpg
,463,KSC-2011-2199,science,image,KSC-2011-2199,https://images-assets.nasa.gov/image/KSC-2011-2199/KSC-2011-2199~medium.jpg
,464,KSC-2011-2199,research,image,KSC-2011-2199,https://images-assets.nasa.gov/image/KSC-2011-2199/KSC-2011-2199~medium.jpg
,465,KSC-2011-2199,climate change,image,KSC-2011-2199,https://images-assets.nasa.gov/image/KSC-2011-2199/KSC-2011-2199~medium.jpg
,466,KSC-2011-2199,Earth mission,image,KSC-2011-2199,https://images-assets.nasa.gov/image/KSC-2011-2199/KSC-2011-2199~medium.jpg
79,467,KSC-2011-2450,ELV,image,KSC-2011-2450,https://images-assets.nasa.gov/image/KSC-2011-2450/KSC-2011-2450~medium.jpg
,468,KSC-2011-2450,Delta II,image,KSC-2011-2450,https://images-assets.nasa.gov/image/KSC-2011-2450/KSC-2011-2450~medium.jpg
,469,KSC-2011-2450,science,image,KSC-2011-2450,https://images-assets.nasa.gov/image/KSC-2011-2450/KSC-2011-2450~medium.jpg
,470,KSC-2011-2450,research,image,KSC-2011-2450,https://images-assets.nasa.gov/image/KSC-2011-2450/KSC-2011-2450~medium.jpg
,471,KSC-2011-2450,climate change,image,KSC-2011-2450,https://images-assets.nasa.gov/image/KSC-2011-2450/KSC-2011-2450~medium.jpg
,472,KSC-2011-2450,Earth mission,image,KSC-2011-2450,https://images-assets.nasa.gov/image/KSC-2011-2450/KSC-2011-2450~medium.jpg
80,473,KSC-2011-2196,ELV,image,KSC-2011-2196,https://images-assets.nasa.gov/image/KSC-2011-2196/KSC-2011-2196~medium.jpg
,474,KSC-2011-2196,Delta II,image,KSC-2011-2196,https://images-assets.nasa.gov/image/KSC-2011-2196/KSC-2011-2196~medium.jpg
,475,KSC-2011-2196,science,image,KSC-2011-2196,https://images-assets.nasa.gov/image/KSC-2011-2196/KSC-2011-2196~medium.jpg
,476,KSC-2011-2196,research,image,KSC-2011-2196,https://images-assets.nasa.gov/image/KSC-2011-2196/KSC-2011-2196~medium.jpg
,477,KSC-2011-2196,climate change,image,KSC-2011-2196,https://images-assets.nasa.gov/image/KSC-2011-2196/KSC-2011-2196~medium.jpg
,478,KSC-2011-2196,Earth mission,image,KSC-2011-2196,https://images-assets.nasa.gov/image/KSC-2011-2196/KSC-2011-2196~medium.jpg
81,479,KSC-2011-2190,ELV,image,KSC-2011-2190,https://images-assets.nasa.gov/image/KSC-2011-2190/KSC-2011-2190~medium.jpg
,480,KSC-2011-2190,Delta II,image,KSC-2011-2190,https://images-assets.nasa.gov/image/KSC-2011-2190/KSC-2011-2190~medium.jpg
,481,KSC-2011-2190,science,image,KSC-2011-2190,https://images-assets.nasa.gov/image/KSC-2011-2190/KSC-2011-2190~medium.jpg
,482,KSC-2011-2190,research,image,KSC-2011-2190,https://images-assets.nasa.gov/image/KSC-2011-2190/KSC-2011-2190~medium.jpg
,483,KSC-2011-2190,climate change,image,KSC-2011-2190,https://images-assets.nasa.gov/image/KSC-2011-2190/KSC-2011-2190~medium.jpg
,484,KSC-2011-2190,Earth mission,image,KSC-2011-2190,https://images-assets.nasa.gov/image/KSC-2011-2190/KSC-2011-2190~medium.jpg
82,485,A Drier Future Sets the Stage for More Wildfires,Drought,video,GSFC_20190709_Droughts_m13253_Fires,https://images-assets.nasa.gov/video/GSFC_20190709_Droughts_m13253_Fires/GSFC_20190709_Droughts_m13253_Fires~large.jpg
,486,A Drier Future Sets the Stage for More Wildfires,Fire Management,video,GSFC_20190709_Droughts_m13253_Fires,https://images-assets.nasa.gov/video/GSFC_20190709_Droughts_m13253_Fires/GSFC_20190709_Droughts_m13253_Fires~large.jpg
,487,A Drier Future Sets the Stage for More Wildfires,Human Geography,video,GSFC_20190709_Droughts_m13253_Fires,https://images-assets.nasa.gov/video/GSFC_20190709_Droughts_m13253_Fires/GSFC_20190709_Droughts_m13253_Fires~large.jpg
,488,A Drier Future Sets the Stage for More Wildfires,Natural Hazards,video,GSFC_20190709_Droughts_m13253_Fires,https://images-assets.nasa.gov/video/GSFC_20190709_Droughts_m13253_Fires/GSFC_20190709_Droughts_m13253_Fires~large.jpg
,489,A Drier Future Sets the Stage for More Wildfires,Fires,video,GSFC_20190709_Droughts_m13253_Fires,https://images-assets.nasa.gov/video/GSFC_20190709_Droughts_m13253_Fires/GSFC_20190709_Droughts_m13253_Fires~large.jpg
,490,A Drier Future Sets the Stage for More Wildfires,Climate Change,video,GSFC_20190709_Droughts_m13253_Fires,https://images-assets.nasa.gov/video/GSFC_20190709_Droughts_m13253_Fires/GSFC_20190709_Droughts_m13253_Fires~large.jpg
,491,A Drier Future Sets the Stage for More Wildfires,Earth,video,GSFC_20190709_Droughts_m13253_Fires,https://images-assets.nasa.gov/video/GSFC_20190709_Droughts_m13253_Fires/GSFC_20190709_Droughts_m13253_Fires~large.jpg
,492,A Drier Future Sets the Stage for More Wildfires,Freshwater,video,GSFC_20190709_Droughts_m13253_Fires,https://images-assets.nasa.gov/video/GSFC_20190709_Droughts_m13253_Fires/GSFC_20190709_Droughts_m13253_Fires~large.jpg
83,493,New Look at Gravity Data Sheds Light on Ocean and Climate,Earth,image,PIA12188,https://images-assets.nasa.gov/image/PIA12188/PIA12188~small.jpg
,494,New Look at Gravity Data Sheds Light on Ocean and Climate,Gravity Recovery and Climate Experiment GRACE,image,PIA12188,https://images-assets.nasa.gov/image/PIA12188/PIA12188~small.jpg
84,495,NASA Science Live: Climate Edition - Innovations for a Sustainable Future [Episode 60],Jasmine Hopkins,video,GSFC_NSL_Climate_Ep60,https://images-assets.nasa.gov/video/GSFC_NSL_Climate_Ep60/GSFC_NSL_Climate_Ep60~large.jpg
,496,NASA Science Live: Climate Edition - Innovations for a Sustainable Future [Episode 60],Dr. Kate Calvin,video,GSFC_NSL_Climate_Ep60,https://images-assets.nasa.gov/video/GSFC_NSL_Climate_Ep60/GSFC_NSL_Climate_Ep60~large.jpg
,497,NASA Science Live: Climate Edition - Innovations for a Sustainable Future [Episode 60],Dan Lockney,video,GSFC_NSL_Climate_Ep60,https://images-assets.nasa.gov/video/GSFC_NSL_Climate_Ep60/GSFC_NSL_Climate_Ep60~large.jpg
,498,NASA Science Live: Climate Edition - Innovations for a Sustainable Future [Episode 60],NASA,video,GSFC_NSL_Climate_Ep60,https://images-assets.nasa.gov/video/GSFC_NSL_Climate_Ep60/GSFC_NSL_Climate_Ep60~large.jpg
,499,NASA Science Live: Climate Edition - Innovations for a Sustainable Future [Episode 60],Climate,video,GSFC_NSL_Climate_Ep60,https://images-assets.nasa.gov/video/GSFC_NSL_Climate_Ep60/GSFC_NSL_Climate_Ep60~large.jpg
,500,NASA Science Live: Climate Edition - Innovations for a Sustainable Future [Episode 60],Climate Change,video,GSFC_NSL_Climate_Ep60,https://images-assets.nasa.gov/video/GSFC_NSL_Climate_Ep60/GSFC_NSL_Climate_Ep60~large.jpg
,501,NASA Science Live: Climate Edition - Innovations for a Sustainable Future [Episode 60],Earth Science,video,GSFC_NSL_Climate_Ep60,https://images-assets.nasa.gov/video/GSFC_NSL_Climate_Ep60/GSFC_NSL_Climate_Ep60~large.jpg
,502,NASA Science Live: Climate Edition - Innovations for a Sustainable Future [Episode 60],Spinoff Technology,video,GSFC_NSL_Climate_Ep60,https://images-assets.nasa.gov/video/GSFC_NSL_Climate_Ep60/GSFC_NSL_Climate_Ep60~large.jpg
,503,NASA Science Live: Climate Edition - Innovations for a Sustainable Future [Episode 60],Sustainable,video,GSFC_NSL_Climate_Ep60,https://images-assets.nasa.gov/video/GSFC_NSL_Climate_Ep60/GSFC_NSL_Climate_Ep60~large.jpg
,504,NASA Science Live: Climate Edition - Innovations for a Sustainable Future [Episode 60],Innovations,video,GSFC_NSL_Climate_Ep60,https://images-assets.nasa.gov/video/GSFC_NSL_Climate_Ep60/GSFC_NSL_Climate_Ep60~large.jpg
,505,NASA Science Live: Climate Edition - Innovations for a Sustainable Future [Episode 60],Green Technology,video,GSFC_NSL_Climate_Ep60,https://images-assets.nasa.gov/video/GSFC_NSL_Climate_Ep60/GSFC_NSL_Climate_Ep60~large.jpg
,506,NASA Science Live: Climate Edition - Innovations for a Sustainable Future [Episode 60],Recycle,video,GSFC_NSL_Climate_Ep60,https://images-assets.nasa.gov/video/GSFC_NSL_Climate_Ep60/GSFC_NSL_Climate_Ep60~large.jpg
,507,NASA Science Live: Climate Edition - Innovations for a Sustainable Future [Episode 60],Lunarecycle challenge,video,GSFC_NSL_Climate_Ep60,https://images-assets.nasa.gov/video/GSFC_NSL_Climate_Ep60/GSFC_NSL_Climate_Ep60~large.jpg
,508,NASA Science Live: Climate Edition - Innovations for a Sustainable Future [Episode 60],Renewable energies,video,GSFC_NSL_Climate_Ep60,https://images-assets.nasa.gov/video/GSFC_NSL_Climate_Ep60/GSFC_NSL_Climate_Ep60~large.jpg
,509,NASA Science Live: Climate Edition - Innovations for a Sustainable Future [Episode 60],Wildfires,video,GSFC_NSL_Climate_Ep60,https://images-assets.nasa.gov/video/GSFC_NSL_Climate_Ep60/GSFC_NSL_Climate_Ep60~large.jpg
,510,NASA Science Live: Climate Edition - Innovations for a Sustainable Future [Episode 60],Beaver dam,video,GSFC_NSL_Climate_Ep60,https://images-assets.nasa.gov/video/GSFC_NSL_Climate_Ep60/GSFC_NSL_Climate_Ep60~large.jpg
,511,NASA Science Live: Climate Edition - Innovations for a Sustainable Future [Episode 60],Agriculture,video,GSFC_NSL_Climate_Ep60,https://images-assets.nasa.gov/video/GSFC_NSL_Climate_Ep60/GSFC_NSL_Climate_Ep60~large.jpg
,512,NASA Science Live: Climate Edition - Innovations for a Sustainable Future [Episode 60],NSL,video,GSFC_NSL_Climate_Ep60,https://images-assets.nasa.gov/video/GSFC_NSL_Climate_Ep60/GSFC_NSL_Climate_Ep60~large.jpg
,513,NASA Science Live: Climate Edition - Innovations for a Sustainable Future [Episode 60],NASA Science Live,video,GSFC_NSL_Climate_Ep60,https://images-assets.nasa.gov/video/GSFC_NSL_Climate_Ep60/GSFC_NSL_Climate_Ep60~large.jpg
85,514,KSC-2011-1971,ELV,image,KSC-2011-1971,https://images-assets.nasa.gov/image/KSC-2011-1971/KSC-2011-1971~medium.jpg
,515,KSC-2011-1971,Delta II,image,KSC-2011-1971,https://images-assets.nasa.gov/image/KSC-2011-1971/KSC-2011-1971~medium.jpg
,516,KSC-2011-1971,science,image,KSC-2011-1971,https://images-assets.nasa.gov/image/KSC-2011-1971/KSC-2011-1971~medium.jpg
,517,KSC-2011-1971,research,image,KSC-2011-1971,https://images-assets.nasa.gov/image/KSC-2011-1971/KSC-2011-1971~medium.jpg
,518,KSC-2011-1971,climate change,image,KSC-2011-1971,https://images-assets.nasa.gov/image/KSC-2011-1971/KSC-2011-1971~medium.jpg
,519,KSC-2011-1971,Earth mission,image,KSC-2011-1971,https://images-assets.nasa.gov/image/KSC-2011-1971/KSC-2011-1971~medium.jpg
86,520,KSC-2011-1970,ELV,image,KSC-2011-1970,https://images-assets.nasa.gov/image/KSC-2011-1970/KSC-2011-1970~medium.jpg
,521,KSC-2011-1970,Delta II,image,KSC-2011-1970,https://images-assets.nasa.gov/image/KSC-2011-1970/KSC-2011-1970~medium.jpg
,522,KSC-2011-1970,science,image,KSC-2011-1970,https://images-assets.nasa.gov/image/KSC-2011-1970/KSC-2011-1970~medium.jpg
,523,KSC-2011-1970,research,image,KSC-2011-1970,https://images-assets.nasa.gov/image/KSC-2011-1970/KSC-2011-1970~medium.jpg
,524,KSC-2011-1970,climate change,image,KSC-2011-1970,https://images-assets.nasa.gov/image/KSC-2011-1970/KSC-2011-1970~medium.jpg
,525,KSC-2011-1970,Earth mission,image,KSC-2011-1970,https://images-assets.nasa.gov/image/KSC-2011-1970/KSC-2011-1970~medium.jpg
87,526,KSC-2011-1963,ELV,image,KSC-2011-1963,https://images-assets.nasa.gov/image/KSC-2011-1963/KSC-2011-1963~medium.jpg
,527,KSC-2011-1963,Delta II,image,KSC-2011-1963,https://images-assets.nasa.gov/image/KSC-2011-1963/KSC-2011-1963~medium.jpg
,528,KSC-2011-1963,science,image,KSC-2011-1963,https://images-assets.nasa.gov/image/KSC-2011-1963/KSC-2011-1963~medium.jpg
,529,KSC-2011-1963,research,image,KSC-2011-1963,https://images-assets.nasa.gov/image/KSC-2011-1963/KSC-2011-1963~medium.jpg
,530,KSC-2011-1963,climate change,image,KSC-2011-1963,https://images-assets.nasa.gov/image/KSC-2011-1963/KSC-2011-1963~medium.jpg
,531,KSC-2011-1963,Earth mission,image,KSC-2011-1963,https://images-assets.nasa.gov/image/KSC-2011-1963/KSC-2011-1963~medium.jpg
88,532,KSC-2011-1961,ELV,image,KSC-2011-1961,https://images-assets.nasa.gov/image/KSC-2011-1961/KSC-2011-1961~medium.jpg
,533,KSC-2011-1961,Delta II,image,KSC-2011-1961,https://images-assets.nasa.gov/image/KSC-2011-1961/KSC-2011-1961~medium.jpg
,534,KSC-2011-1961,science,image,KSC-2011-1961,https://images-assets.nasa.gov/image/KSC-2011-1961/KSC-2011-1961~medium.jpg
,535,KSC-2011-1961,research,image,KSC-2011-1961,https://images-assets.nasa.gov/image/KSC-2011-1961/KSC-2011-1961~medium.jpg
,536,KSC-2011-1961,climate change,image,KSC-2011-1961,https://images-assets.nasa.gov/image/KSC-2011-1961/KSC-2011-1961~medium.jpg
,537,KSC-2011-1961,Earth mission,image,KSC-2011-1961,https://images-assets.nasa.gov/image/KSC-2011-1961/KSC-2011-1961~medium.jpg
89,538,KSC-2011-1964,ELV,image,KSC-2011-1964,https://images-assets.nasa.gov/image/KSC-2011-1964/KSC-2011-1964~medium.jpg
,539,KSC-2011-1964,Delta II,image,KSC-2011-1964,https://images-assets.nasa.gov/image/KSC-2011-1964/KSC-2011-1964~medium.jpg
,540,KSC-2011-1964,science,image,KSC-2011-1964,https://images-assets.nasa.gov/image/KSC-2011-1964/KSC-2011-1964~medium.jpg
,541,KSC-2011-1964,research,image,KSC-2011-1964,https://images-assets.nasa.gov/image/KSC-2011-1964/KSC-2011-1964~medium.jpg
,542,KSC-2011-1964,climate change,image,KSC-2011-1964,https://images-assets.nasa.gov/image/KSC-2011-1964/KSC-2011-1964~medium.jpg
,543,KSC-2011-1964,Earth mission,image,KSC-2011-1964,https://images-assets.nasa.gov/image/KSC-2011-1964/KSC-2011-1964~medium.jpg
90,544,KSC-2011-2188,ELV,image,KSC-2011-2188,https://images-assets.nasa.gov/image/KSC-2011-2188/KSC-2011-2188~medium.jpg
,545,KSC-2011-2188,Delta II,image,KSC-2011-2188,https://images-assets.nasa.gov/image/KSC-2011-2188/KSC-2011-2188~medium.jpg
,546,KSC-2011-2188,science,image,KSC-2011-2188,https://images-assets.nasa.gov/image/KSC-2011-2188/KSC-2011-2188~medium.jpg
,547,KSC-2011-2188,research,image,KSC-2011-2188,https://images-assets.nasa.gov/image/KSC-2011-2188/KSC-2011-2188~medium.jpg
,548,KSC-2011-2188,climate change,image,KSC-2011-2188,https://images-assets.nasa.gov/image/KSC-2011-2188/KSC-2011-2188~medium.jpg
,549,KSC-2011-2188,Earth mission,image,KSC-2011-2188,https://images-assets.nasa.gov/image/KSC-2011-2188/KSC-2011-2188~medium.jpg
91,550,KSC-2011-1965,ELV,image,KSC-2011-1965,https://images-assets.nasa.gov/image/KSC-2011-1965/KSC-2011-1965~medium.jpg
,551,KSC-2011-1965,Delta II,image,KSC-2011-1965,https://images-assets.nasa.gov/image/KSC-2011-1965/KSC-2011-1965~medium.jpg
,552,KSC-2011-1965,science,image,KSC-2011-1965,https://images-assets.nasa.gov/image/KSC-2011-1965/KSC-2011-1965~medium.jpg
,553,KSC-2011-1965,research,image,KSC-2011-1965,https://images-assets.nasa.gov/image/KSC-2011-1965/KSC-2011-1965~medium.jpg
,554,KSC-2011-1965,climate change,image,KSC-2011-1965,https://images-assets.nasa.gov/image/KSC-2011-1965/KSC-2011-1965~medium.jpg
,555,KSC-2011-1965,Earth mission,image,KSC-2011-1965,https://images-assets.nasa.gov/image/KSC-2011-1965/KSC-2011-1965~medium.jpg
92,556,KSC-2011-1967,ELV,image,KSC-2011-1967,https://images-assets.nasa.gov/image/KSC-2011-1967/KSC-2011-1967~medium.jpg
,557,KSC-2011-1967,Delta II,image,KSC-2011-1967,https://images-assets.nasa.gov/image/KSC-2011-1967/KSC-2011-1967~medium.jpg
,558,KSC-2011-1967,science,image,KSC-2011-1967,https://images-assets.nasa.gov/image/KSC-2011-1967/KSC-2011-1967~medium.jpg
,559,KSC-2011-1967,research,image,KSC-2011-1967,https://images-assets.nasa.gov/image/KSC-2011-1967/KSC-2011-1967~medium.jpg
,560,KSC-2011-1967,climate change,image,KSC-2011-1967,https://images-assets.nasa.gov/image/KSC-2011-1967/KSC-2011-1967~medium.jpg
,561,KSC-2011-1967,Earth mission,image,KSC-2011-1967,https://images-assets.nasa.gov/image/KSC-2011-1967/KSC-2011-1967~medium.jpg
93,562,KSC-2011-1968,ELV,image,KSC-2011-1968,https://images-assets.nasa.gov/image/KSC-2011-1968/KSC-2011-1968~medium.jpg
,563,KSC-2011-1968,Delta II,image,KSC-2011-1968,https://images-assets.nasa.gov/image/KSC-2011-1968/KSC-2011-1968~medium.jpg
,564,KSC-2011-1968,science,image,KSC-2011-1968,https://images-assets.nasa.gov/image/KSC-2011-1968/KSC-2011-1968~medium.jpg
,565,KSC-2011-1968,research,image,KSC-2011-1968,https://images-assets.nasa.gov/image/KSC-2011-1968/KSC-2011-1968~medium.jpg
,566,KSC-2011-1968,climate change,image,KSC-2011-1968,https://images-assets.nasa.gov/image/KSC-2011-1968/KSC-2011-1968~medium.jpg
,567,KSC-2011-1968,Earth mission,image,KSC-2011-1968,https://images-assets.nasa.gov/image/KSC-2011-1968/KSC-2011-1968~medium.jpg
94,568,KSC-2011-1966,ELV,image,KSC-2011-1966,https://images-assets.nasa.gov/image/KSC-2011-1966/KSC-2011-1966~medium.jpg
,569,KSC-2011-1966,Delta II,image,KSC-2011-1966,https://images-assets.nasa.gov/image/KSC-2011-1966/KSC-2011-1966~medium.jpg
,570,KSC-2011-1966,science,image,KSC-2011-1966,https://images-assets.nasa.gov/image/KSC-2011-1966/KSC-2011-1966~medium.jpg
,571,KSC-2011-1966,research,image,KSC-2011-1966,https://images-assets.nasa.gov/image/KSC-2011-1966/KSC-2011-1966~medium.jpg
,572,KSC-2011-1966,climate change,image,KSC-2011-1966,https://images-assets.nasa.gov/image/KSC-2011-1966/KSC-2011-1966~medium.jpg
,573,KSC-2011-1966,Earth mission,image,KSC-2011-1966,https://images-assets.nasa.gov/image/KSC-2011-1966/KSC-2011-1966~medium.jpg
95,574,KSC-2011-1962,ELV,image,KSC-2011-1962,https://images-assets.nasa.gov/image/KSC-2011-1962/KSC-2011-1962~medium.jpg
,575,KSC-2011-1962,Delta II,image,KSC-2011-1962,https://images-assets.nasa.gov/image/KSC-2011-1962/KSC-2011-1962~medium.jpg
,576,KSC-2011-1962,science,image,KSC-2011-1962,https://images-assets.nasa.gov/image/KSC-2011-1962/KSC-2011-1962~medium.jpg
,577,KSC-2011-1962,research,image,KSC-2011-1962,https://images-assets.nasa.gov/image/KSC-2011-1962/KSC-2011-1962~medium.jpg
,578,KSC-2011-1962,climate change,image,KSC-2011-1962,https://images-assets.nasa.gov/image/KSC-2011-1962/KSC-2011-1962~medium.jpg
,579,KSC-2011-1962,Earth mission,image,KSC-2011-1962,https://images-assets.nasa.gov/image/KSC-2011-1962/KSC-2011-1962~medium.jpg
96,580,KSC-2011-1969,ELV,image,KSC-2011-1969,https://images-assets.nasa.gov/image/KSC-2011-1969/KSC-2011-1969~medium.jpg
,581,KSC-2011-1969,Delta II,image,KSC-2011-1969,https://images-assets.nasa.gov/image/KSC-2011-1969/KSC-2011-1969~medium.jpg
,582,KSC-2011-1969,science,image,KSC-2011-1969,https://images-assets.nasa.gov/image/KSC-2011-1969/KSC-2011-1969~medium.jpg
,583,KSC-2011-1969,research,image,KSC-2011-1969,https://images-assets.nasa.gov/image/KSC-2011-1969/KSC-2011-1969~medium.jpg
,584,KSC-2011-1969,climate change,image,KSC-2011-1969,https://images-assets.nasa.gov/image/KSC-2011-1969/KSC-2011-1969~medium.jpg
,585,KSC-2011-1969,Earth mission,image,KSC-2011-1969,https://images-assets.nasa.gov/image/KSC-2011-1969/KSC-2011-1969~medium.jpg
97,586,PREFIRE: A Mission to Better Understand Earth’s Polar Regions (Mission Overview),NASA,video,JPL-20240516-PRFIREf-0001-PREFIRE Overview Video,https://images-assets.nasa.gov/video/JPL-20240516-PRFIREf-0001-PREFIRE%20Overview%20Video/JPL-20240516-PRFIREf-0001-PREFIRE%20Overview%20Video~large.jpg
,587,PREFIRE: A Mission to Better Understand Earth’s Polar Regions (Mission Overview),JPL,video,JPL-20240516-PRFIREf-0001-PREFIRE Overview Video,https://images-assets.nasa.gov/video/JPL-20240516-PRFIREf-0001-PREFIRE%20Overview%20Video/JPL-20240516-PRFIREf-0001-PREFIRE%20Overview%20Video~large.jpg
,588,PREFIRE: A Mission to Better Understand Earth’s Polar Regions (Mission Overview),Jet Propulsion Laboratory,video,JPL-20240516-PRFIREf-0001-PREFIRE Overview Video,https://images-assets.nasa.gov/video/JPL-20240516-PRFIREf-0001-PREFIRE%20Overview%20Video/JPL-20240516-PRFIREf-0001-PREFIRE%20Overview%20Video~large.jpg
,589,PREFIRE: A Mission to Better Understand Earth’s Polar Regions (Mission Overview),Jet Propulsion Lab,video,JPL-20240516-PRFIREf-0001-PREFIRE Overview Video,https://images-assets.nasa.gov/video/JPL-20240516-PRFIREf-0001-PREFIRE%20Overview%20Video/JPL-20240516-PRFIREf-0001-PREFIRE%20Overview%20Video~large.jpg
,590,PREFIRE: A Mission to Better Understand Earth’s Polar Regions (Mission Overview),University of Wisconsin-Madison,video,JPL-20240516-PRFIREf-0001-PREFIRE Overview Video,https://images-assets.nasa.gov/video/JPL-20240516-PRFIREf-0001-PREFIRE%20Overview%20Video/JPL-20240516-PRFIREf-0001-PREFIRE%20Overview%20Video~large.jpg
,591,PREFIRE: A Mission to Better Understand Earth’s Polar Regions (Mission Overview),weather models,video,JPL-20240516-PRFIREf-0001-PREFIRE Overview Video,https://images-assets.nasa.gov/video/JPL-20240516-PRFIREf-0001-PREFIRE%20Overview%20Video/JPL-20240516-PRFIREf-0001-PREFIRE%20Overview%20Video~large.jpg
,592,PREFIRE: A Mission to Better Understand Earth’s Polar Regions (Mission Overview),climate,video,JPL-20240516-PRFIREf-0001-PREFIRE Overview Video,https://images-assets.nasa.gov/video/JPL-20240516-PRFIREf-0001-PREFIRE%20Overview%20Video/JPL-20240516-PRFIREf-0001-PREFIRE%20Overview%20Video~large.jpg
,593,PREFIRE: A Mission to Better Understand Earth’s Polar Regions (Mission Overview),climate change,video,JPL-20240516-PRFIREf-0001-PREFIRE Overview Video,https://images-assets.nasa.gov/video/JPL-20240516-PRFIREf-0001-PREFIRE%20Overview%20Video/JPL-20240516-PRFIREf-0001-PREFIRE%20Overview%20Video~large.jpg
,594,PREFIRE: A Mission to Better Understand Earth’s Polar Regions (Mission Overview),climate models,video,JPL-20240516-PRFIREf-0001-PREFIRE Overview Video,https://images-assets.nasa.gov/video/JPL-20240516-PRFIREf-0001-PREFIRE%20Overview%20Video/JPL-20240516-PRFIREf-0001-PREFIRE%20Overview%20Video~large.jpg
,595,PREFIRE: A Mission to Better Understand Earth’s Polar Regions (Mission Overview),climate predictions,video,JPL-20240516-PRFIREf-0001-PREFIRE Overview Video,https://images-assets.nasa.gov/video/JPL-20240516-PRFIREf-0001-PREFIRE%20Overview%20Video/JPL-20240516-PRFIREf-0001-PREFIRE%20Overview%20Video~large.jpg
,596,PREFIRE: A Mission to Better Understand Earth’s Polar Regions (Mission Overview),weather predictions,video,JPL-20240516-PRFIREf-0001-PREFIRE Overview Video,https://images-assets.nasa.gov/video/JPL-20240516-PRFIREf-0001-PREFIRE%20Overview%20Video/JPL-20240516-PRFIREf-0001-PREFIRE%20Overview%20Video~large.jpg
,597,PREFIRE: A Mission to Better Understand Earth’s Polar Regions (Mission Overview),forecast,video,JPL-20240516-PRFIREf-0001-PREFIRE Overview Video,https://images-assets.nasa.gov/video/JPL-20240516-PRFIREf-0001-PREFIRE%20Overview%20Video/JPL-20240516-PRFIREf-0001-PREFIRE%20Overview%20Video~large.jpg
,598,PREFIRE: A Mission to Better Understand Earth’s Polar Regions (Mission Overview),forecast predictions,video,JPL-20240516-PRFIREf-0001-PREFIRE Overview Video,https://images-assets.nasa.gov/video/JPL-20240516-PRFIREf-0001-PREFIRE%20Overview%20Video/JPL-20240516-PRFIREf-0001-PREFIRE%20Overview%20Video~large.jpg
,599,PREFIRE: A Mission to Better Understand Earth’s Polar Regions (Mission Overview),poles,video,JPL-20240516-PRFIREf-0001-PREFIRE Overview Video,https://images-assets.nasa.gov/video/JPL-20240516-PRFIREf-0001-PREFIRE%20Overview%20Video/JPL-20240516-PRFIREf-0001-PREFIRE%20Overview%20Video~large.jpg
,600,PREFIRE: A Mission to Better Understand Earth’s Polar Regions (Mission Overview),polar regions,video,JPL-20240516-PRFIREf-0001-PREFIRE Overview Video,https://images-assets.nasa.gov/video/JPL-20240516-PRFIREf-0001-PREFIRE%20Overview%20Video/JPL-20240516-PRFIREf-0001-PREFIRE%20Overview%20Video~large.jpg
,601,PREFIRE: A Mission to Better Understand Earth’s Polar Regions (Mission Overview),Arctic,video,JPL-20240516-PRFIREf-0001-PREFIRE Overview Video,https://images-assets.nasa.gov/video/JPL-20240516-PRFIREf-0001-PREFIRE%20Overview%20Video/JPL-20240516-PRFIREf-0001-PREFIRE%20Overview%20Video~large.jpg
,602,PREFIRE: A Mission to Better Understand Earth’s Polar Regions (Mission Overview),Antarctic,video,JPL-20240516-PRFIREf-0001-PREFIRE Overview Video,https://images-assets.nasa.gov/video/JPL-20240516-PRFIREf-0001-PREFIRE%20Overview%20Video/JPL-20240516-PRFIREf-0001-PREFIRE%20Overview%20Video~large.jpg
,603,PREFIRE: A Mission to Better Understand Earth’s Polar Regions (Mission Overview),sun,video,JPL-20240516-PRFIREf-0001-PREFIRE Overview Video,https://images-assets.nasa.gov/video/JPL-20240516-PRFIREf-0001-PREFIRE%20Overview%20Video/JPL-20240516-PRFIREf-0001-PREFIRE%20Overview%20Video~large.jpg
,604,PREFIRE: A Mission to Better Understand Earth’s Polar Regions (Mission Overview),space,video,JPL-20240516-PRFIREf-0001-PREFIRE Overview Video,https://images-assets.nasa.gov/video/JPL-20240516-PRFIREf-0001-PREFIRE%20Overview%20Video/JPL-20240516-PRFIREf-0001-PREFIRE%20Overview%20Video~large.jpg
,605,PREFIRE: A Mission to Better Understand Earth’s Polar Regions (Mission Overview),energy,video,JPL-20240516-PRFIREf-0001-PREFIRE Overview Video,https://images-assets.nasa.gov/video/JPL-20240516-PRFIREf-0001-PREFIRE%20Overview%20Video/JPL-20240516-PRFIREf-0001-PREFIRE%20Overview%20Video~large.jpg
,606,PREFIRE: A Mission to Better Understand Earth’s Polar Regions (Mission Overview),global warming,video,JPL-20240516-PRFIREf-0001-PREFIRE Overview Video,https://images-assets.nasa.gov/video/JPL-20240516-PRFIREf-0001-PREFIRE%20Overview%20Video/JPL-20240516-PRFIREf-0001-PREFIRE%20Overview%20Video~large.jpg
,607,PREFIRE: A Mission to Better Understand Earth’s Polar Regions (Mission Overview),heat loss,video,JPL-20240516-PRFIREf-0001-PREFIRE Overview Video,https://images-assets.nasa.gov/video/JPL-20240516-PRFIREf-0001-PREFIRE%20Overview%20Video/JPL-20240516-PRFIREf-0001-PREFIRE%20Overview%20Video~large.jpg
,608,PREFIRE: A Mission to Better Understand Earth’s Polar Regions (Mission Overview),rising sea levels,video,JPL-20240516-PRFIREf-0001-PREFIRE Overview Video,https://images-assets.nasa.gov/video/JPL-20240516-PRFIREf-0001-PREFIRE%20Overview%20Video/JPL-20240516-PRFIREf-0001-PREFIRE%20Overview%20Video~large.jpg
,609,PREFIRE: A Mission to Better Understand Earth’s Polar Regions (Mission Overview),satellites,video,JPL-20240516-PRFIREf-0001-PREFIRE Overview Video,https://images-assets.nasa.gov/video/JPL-20240516-PRFIREf-0001-PREFIRE%20Overview%20Video/JPL-20240516-PRFIREf-0001-PREFIRE%20Overview%20Video~large.jpg
,610,PREFIRE: A Mission to Better Understand Earth’s Polar Regions (Mission Overview),CubeSats,video,JPL-20240516-PRFIREf-0001-PREFIRE Overview Video,https://images-assets.nasa.gov/video/JPL-20240516-PRFIREf-0001-PREFIRE%20Overview%20Video/JPL-20240516-PRFIREf-0001-PREFIRE%20Overview%20Video~large.jpg
,611,PREFIRE: A Mission to Better Understand Earth’s Polar Regions (Mission Overview),polar orbit,video,JPL-20240516-PRFIREf-0001-PREFIRE Overview Video,https://images-assets.nasa.gov/video/JPL-20240516-PRFIREf-0001-PREFIRE%20Overview%20Video/JPL-20240516-PRFIREf-0001-PREFIRE%20Overview%20Video~large.jpg
,612,PREFIRE: A Mission to Better Understand Earth’s Polar Regions (Mission Overview),wavelengths,video,JPL-20240516-PRFIREf-0001-PREFIRE Overview Video,https://images-assets.nasa.gov/video/JPL-20240516-PRFIREf-0001-PREFIRE%20Overview%20Video/JPL-20240516-PRFIREf-0001-PREFIRE%20Overview%20Video~large.jpg
,613,PREFIRE: A Mission to Better Understand Earth’s Polar Regions (Mission Overview),infrared,video,JPL-20240516-PRFIREf-0001-PREFIRE Overview Video,https://images-assets.nasa.gov/video/JPL-20240516-PRFIREf-0001-PREFIRE%20Overview%20Video/JPL-20240516-PRFIREf-0001-PREFIRE%20Overview%20Video~large.jpg
,614,PREFIRE: A Mission to Better Understand Earth’s Polar Regions (Mission Overview),far-infrared,video,JPL-20240516-PRFIREf-0001-PREFIRE Overview Video,https://images-assets.nasa.gov/video/JPL-20240516-PRFIREf-0001-PREFIRE%20Overview%20Video/JPL-20240516-PRFIREf-0001-PREFIRE%20Overview%20Video~large.jpg
,615,PREFIRE: A Mission to Better Understand Earth’s Polar Regions (Mission Overview),far infrared,video,JPL-20240516-PRFIREf-0001-PREFIRE Overview Video,https://images-assets.nasa.gov/video/JPL-20240516-PRFIREf-0001-PREFIRE%20Overview%20Video/JPL-20240516-PRFIREf-0001-PREFIRE%20Overview%20Video~large.jpg
,616,PREFIRE: A Mission to Better Understand Earth’s Polar Regions (Mission Overview),spectrometer,video,JPL-20240516-PRFIREf-0001-PREFIRE Overview Video,https://images-assets.nasa.gov/video/JPL-20240516-PRFIREf-0001-PREFIRE%20Overview%20Video/JPL-20240516-PRFIREf-0001-PREFIRE%20Overview%20Video~large.jpg
,617,PREFIRE: A Mission to Better Understand Earth’s Polar Regions (Mission Overview),instrument,video,JPL-20240516-PRFIREf-0001-PREFIRE Overview Video,https://images-assets.nasa.gov/video/JPL-20240516-PRFIREf-0001-PREFIRE%20Overview%20Video/JPL-20240516-PRFIREf-0001-PREFIRE%20Overview%20Video~large.jpg
,618,PREFIRE: A Mission to Better Understand Earth’s Polar Regions (Mission Overview),spectrum,video,JPL-20240516-PRFIREf-0001-PREFIRE Overview Video,https://images-assets.nasa.gov/video/JPL-20240516-PRFIREf-0001-PREFIRE%20Overview%20Video/JPL-20240516-PRFIREf-0001-PREFIRE%20Overview%20Video~large.jpg
,619,PREFIRE: A Mission to Better Understand Earth’s Polar Regions (Mission Overview),rainbow,video,JPL-20240516-PRFIREf-0001-PREFIRE Overview Video,https://images-assets.nasa.gov/video/JPL-20240516-PRFIREf-0001-PREFIRE%20Overview%20Video/JPL-20240516-PRFIREf-0001-PREFIRE%20Overview%20Video~large.jpg
,620,PREFIRE: A Mission to Better Understand Earth’s Polar Regions (Mission Overview),"""Tristan LEcuyer""",video,JPL-20240516-PRFIREf-0001-PREFIRE Overview Video,https://images-assets.nasa.gov/video/JPL-20240516-PRFIREf-0001-PREFIRE%20Overview%20Video/JPL-20240516-PRFIREf-0001-PREFIRE%20Overview%20Video~large.jpg
,621,PREFIRE: A Mission to Better Understand Earth’s Polar Regions (Mission Overview),Natasha Vos,video,JPL-20240516-PRFIREf-0001-PREFIRE Overview Video,https://images-assets.nasa.gov/video/JPL-20240516-PRFIREf-0001-PREFIRE%20Overview%20Video/JPL-20240516-PRFIREf-0001-PREFIRE%20Overview%20Video~large.jpg
,622,PREFIRE: A Mission to Better Understand Earth’s Polar Regions (Mission Overview),Sharmila Padmanabhan,video,JPL-20240516-PRFIREf-0001-PREFIRE Overview Video,https://images-assets.nasa.gov/video/JPL-20240516-PRFIREf-0001-PREFIRE%20Overview%20Video/JPL-20240516-PRFIREf-0001-PREFIRE%20Overview%20Video~large.jpg
98,623,NASA Science Live: Connected by Earth [Episode 31],NASA Science Live,video,GSFC_20210422_NSL_Ep31,https://images-assets.nasa.gov/video/GSFC_20210422_NSL_Ep31/GSFC_20210422_NSL_Ep31~large.jpg
,624,NASA Science Live: Connected by Earth [Episode 31],NSL,video,GSFC_20210422_NSL_Ep31,https://images-assets.nasa.gov/video/GSFC_20210422_NSL_Ep31/GSFC_20210422_NSL_Ep31~large.jpg
,625,NASA Science Live: Connected by Earth [Episode 31],Kimberley R. Miner,video,GSFC_20210422_NSL_Ep31,https://images-assets.nasa.gov/video/GSFC_20210422_NSL_Ep31/GSFC_20210422_NSL_Ep31~large.jpg
,626,NASA Science Live: Connected by Earth [Episode 31],Lesley Ott,video,GSFC_20210422_NSL_Ep31,https://images-assets.nasa.gov/video/GSFC_20210422_NSL_Ep31/GSFC_20210422_NSL_Ep31~large.jpg
,627,NASA Science Live: Connected by Earth [Episode 31],Equisha Glenn,video,GSFC_20210422_NSL_Ep31,https://images-assets.nasa.gov/video/GSFC_20210422_NSL_Ep31/GSFC_20210422_NSL_Ep31~large.jpg
,628,NASA Science Live: Connected by Earth [Episode 31],#askNASA,video,GSFC_20210422_NSL_Ep31,https://images-assets.nasa.gov/video/GSFC_20210422_NSL_Ep31/GSFC_20210422_NSL_Ep31~large.jpg
,629,NASA Science Live: Connected by Earth [Episode 31],#ConnectedByEarth,video,GSFC_20210422_NSL_Ep31,https://images-assets.nasa.gov/video/GSFC_20210422_NSL_Ep31/GSFC_20210422_NSL_Ep31~large.jpg
,630,NASA Science Live: Connected by Earth [Episode 31],@NASAEarth,video,GSFC_20210422_NSL_Ep31,https://images-assets.nasa.gov/video/GSFC_20210422_NSL_Ep31/GSFC_20210422_NSL_Ep31~large.jpg
,631,NASA Science Live: Connected by Earth [Episode 31],@NASAClimate,video,GSFC_20210422_NSL_Ep31,https://images-assets.nasa.gov/video/GSFC_20210422_NSL_Ep31/GSFC_20210422_NSL_Ep31~large.jpg
,632,NASA Science Live: Connected by Earth [Episode 31],Climate change,video,GSFC_20210422_NSL_Ep31,https://images-assets.nasa.gov/video/GSFC_20210422_NSL_Ep31/GSFC_20210422_NSL_Ep31~large.jpg
,633,NASA Science Live: Connected by Earth [Episode 31],Global warming,video,GSFC_20210422_NSL_Ep31,https://images-assets.nasa.gov/video/GSFC_20210422_NSL_Ep31/GSFC_20210422_NSL_Ep31~large.jpg
,634,NASA Science Live: Connected by Earth [Episode 31],Earth Day,video,GSFC_20210422_NSL_Ep31,https://images-assets.nasa.gov/video/GSFC_20210422_NSL_Ep31/GSFC_20210422_NSL_Ep31~large.jpg
99,635,NASA Evaluates New Threats to Earth’s Ozone Layer,Antarctic,video,GSFC_20171208_Ozone_m12797_Future,https://images-assets.nasa.gov/video/GSFC_20171208_Ozone_m12797_Future/GSFC_20171208_Ozone_m12797_Future~large.jpg
,636,NASA Evaluates New Threats to Earth’s Ozone Layer,Earth,video,GSFC_20171208_Ozone_m12797_Future,https://images-assets.nasa.gov/video/GSFC_20171208_Ozone_m12797_Future/GSFC_20171208_Ozone_m12797_Future~large.jpg
,637,NASA Evaluates New Threats to Earth’s Ozone Layer,Ozone Hole,video,GSFC_20171208_Ozone_m12797_Future,https://images-assets.nasa.gov/video/GSFC_20171208_Ozone_m12797_Future/GSFC_20171208_Ozone_m12797_Future~large.jpg
,638,NASA Evaluates New Threats to Earth’s Ozone Layer,Ozone Depletion,video,GSFC_20171208_Ozone_m12797_Future,https://images-assets.nasa.gov/video/GSFC_20171208_Ozone_m12797_Future/GSFC_20171208_Ozone_m12797_Future~large.jpg
,639,NASA Evaluates New Threats to Earth’s Ozone Layer,Ozone,video,GSFC_20171208_Ozone_m12797_Future,https://images-assets.nasa.gov/video/GSFC_20171208_Ozone_m12797_Future/GSFC_20171208_Ozone_m12797_Future~large.jpg
,640,NASA Evaluates New Threats to Earth’s Ozone Layer,Climate Change,video,GSFC_20171208_Ozone_m12797_Future,https://images-assets.nasa.gov/video/GSFC_20171208_Ozone_m12797_Future/GSFC_20171208_Ozone_m12797_Future~large.jpg
,641,NASA Evaluates New Threats to Earth’s Ozone Layer,Atmospheric Science,video,GSFC_20171208_Ozone_m12797_Future,https://images-assets.nasa.gov/video/GSFC_20171208_Ozone_m12797_Future/GSFC_20171208_Ozone_m12797_Future~large.jpg
,642,NASA Evaluates New Threats to Earth’s Ozone Layer,Montreal Protocol,video,GSFC_20171208_Ozone_m12797_Future,https://images-assets.nasa.gov/video/GSFC_20171208_Ozone_m12797_Future/GSFC_20171208_Ozone_m12797_Future~large.jpg
